-2.990000,0.004567,0.000000,0.080926,0.132980,0.001395,0.000000,0.159463,0.501330
-2.980000,0.004705,0.000000,0.081195,0.132978,0.001441,0.000000,0.160274,0.502660
-2.970000,0.004847,0.000000,0.081463,0.132974,0.001489,0.000000,0.161087,0.503989
-2.960000,0.004993,0.000000,0.081732,0.132969,0.001538,0.000000,0.161903,0.505319
-2.950000,0.005143,0.000000,0.082001,0.132962,0.001589,0.000000,0.162722,0.506649
-2.940000,0.005296,0.000000,0.082270,0.132954,0.001641,0.000000,0.163543,0.507978
-2.930000,0.005454,0.000000,0.082539,0.132945,0.001695,0.000000,0.164367,0.509308
-2.920000,0.005616,0.000000,0.082807,0.132933,0.001750,0.000000,0.165194,0.510637
-2.910000,0.005782,0.000000,0.083076,0.132921,0.001807,0.000000,0.166023,0.511966
-2.900000,0.005953,0.000000,0.083344,0.132907,0.001866,0.000000,0.166855,0.513296
-2.890000,0.006127,0.000000,0.083613,0.132891,0.001926,0.000000,0.167690,0.514625
-2.880000,0.006307,0.000000,0.083881,0.132874,0.001988,0.000000,0.168528,0.515953
-2.870000,0.006491,0.000000,0.084150,0.132856,0.002052,0.000000,0.169368,0.517282
-2.860000,0.006679,0.000000,0.084418,0.132836,0.002118,0.000000,0.170211,0.518611
-2.850000,0.006873,0.000000,0.084686,0.132815,0.002186,0.000000,0.171056,0.519939
-2.840000,0.007071,0.000000,0.084954,0.132792,0.002256,0.000000,0.171904,0.521267
-2.830000,0.007274,0.000000,0.085223,0.132767,0.002327,0.000000,0.172755,0.522595
-2.820000,0.007483,0.000000,0.085490,0.132742,0.002401,0.000000,0.173609,0.523922
-2.810000,0.007697,0.000000,0.085758,0.132714,0.002477,0.000000,0.174465,0.525249
-2.800000,0.007915,0.000000,0.086026,0.132686,0.002555,0.000000,0.175324,0.526576
-2.790000,0.008140,0.000000,0.086294,0.132655,0.002635,0.000000,0.176186,0.527903
-2.780000,0.008370,0.000000,0.086561,0.132624,0.002718,0.000000,0.177050,0.529230
-2.770000,0.008605,0.000000,0.086828,0.132591,0.002803,0.000000,0.177917,0.530556
-2.760000,0.008846,0.000000,0.087095,0.132556,0.002890,0.000000,0.178786,0.531881
-2.750000,0.009094,0.000000,0.087362,0.132520,0.002980,0.000000,0.179659,0.533207
-2.740000,0.009347,0.000000,0.087629,0.132482,0.003072,0.000000,0.180534,0.534532
-2.730000,0.009606,0.000000,0.087896,0.132443,0.003167,0.000000,0.181411,0.535856
-2.720000,0.009871,0.000000,0.088163,0.132403,0.003264,0.000000,0.182292,0.537181
-2.710000,0.010143,0.000000,0.088429,0.132361,0.003364,0.000000,0.183175,0.538504
-2.700000,0.010421,0.000000,0.088695,0.132318,0.003467,0.000000,0.184060,0.539828
-2.690000,0.010706,0.000000,0.088961,0.132273,0.003573,0.000000,0.184948,0.541151
-2.680000,0.010997,0.000000,0.089227,0.132226,0.003681,0.000000,0.185839,0.542473
-2.670000,0.011295,0.000000,0.089492,0.132179,0.003793,0.000000,0.186733,0.543795
-2.660000,0.011600,0.000000,0.089758,0.132129,0.003907,0.000000,0.187629,0.545117
-2.650000,0.011912,0.000000,0.090023,0.132079,0.004025,0.000000,0.188528,0.546438
-2.640000,0.012232,0.000000,0.090288,0.132027,0.004145,0.000000,0.189430,0.547758
-2.630000,0.012558,0.000000,0.090553,0.131973,0.004269,0.000000,0.190334,0.549078
-2.620000,0.012892,0.000000,0.090817,0.131918,0.004396,0.000000,0.191241,0.550398
-2.610000,0.013234,0.000000,0.091081,0.131862,0.004527,0.000000,0.192150,0.551717
-2.600000,0.013583,0.000000,0.091345,0.131804,0.004661,0.000000,0.193062,0.553035
-2.590000,0.013940,0.000000,0.091609,0.131745,0.004799,0.000000,0.193977,0.554353
-2.580000,0.014305,0.000000,0.091873,0.131684,0.004940,0.000000,0.194895,0.555670
-2.570000,0.014678,0.000000,0.092136,0.131622,0.005085,0.000000,0.195815,0.556987
-2.560000,0.015060,0.000000,0.092399,0.131558,0.005234,0.000000,0.196737,0.558302
-2.550000,0.015449,0.000000,0.092662,0.131493,0.005386,0.000000,0.197663,0.559618
-2.540000,0.015848,0.000000,0.092924,0.131427,0.005543,0.000000,0.198590,0.560932
-2.530000,0.016254,0.000000,0.093186,0.131359,0.005703,0.000000,0.199521,0.562246
-2.520000,0.016670,0.000000,0.093448,0.131289,0.005868,0.000000,0.200454,0.563559
-2.510000,0.017095,0.000000,0.093709,0.131219,0.006037,0.000000,0.201390,0.564872
-2.500000,0.017528,0.000000,0.093971,0.131147,0.006210,0.000000,0.202328,0.566184
-2.490000,0.017971,0.000000,0.094231,0.131073,0.006387,0.000000,0.203269,0.567495
-2.480000,0.018423,0.000000,0.094492,0.130998,0.006569,0.000000,0.204213,0.568805
-2.470000,0.018885,0.000000,0.094752,0.130922,0.006756,0.000000,0.205159,0.570115
-2.460000,0.019356,0.000000,0.095012,0.130844,0.006947,0.000000,0.206108,0.571424
-2.450000,0.019837,0.000000,0.095272,0.130765,0.007143,0.000000,0.207059,0.572732
-2.440000,0.020328,0.000000,0.095531,0.130684,0.007344,0.000000,0.208013,0.574039
-2.430000,0.020829,0.000000,0.095790,0.130602,0.007549,0.000000,0.208970,0.575345
-2.420000,0.021341,0.000000,0.096048,0.130519,0.007760,0.000000,0.209929,0.576651
-2.410000,0.021862,0.000000,0.096306,0.130434,0.007976,0.000000,0.210891,0.577956
-2.400000,0.022395,0.000000,0.096564,0.130348,0.008198,0.000000,0.211855,0.579260
-2.390000,0.022937,0.000000,0.096821,0.130260,0.008424,0.000000,0.212822,0.580563
-2.380000,0.023491,0.000000,0.097078,0.130171,0.008656,0.000000,0.213792,0.581865
-2.370000,0.024056,0.000000,0.097335,0.130081,0.008894,0.000000,0.214764,0.583166
-2.360000,0.024631,0.000000,0.097591,0.129989,0.009137,0.000000,0.215739,0.584467
-2.350000,0.025218,0.000000,0.097846,0.129896,0.009387,0.000000,0.216716,0.585766
-2.340000,0.025817,0.000000,0.098102,0.129801,0.009642,0.000000,0.217695,0.587064
-2.330000,0.026426,0.000000,0.098357,0.129705,0.009903,0.000000,0.218678,0.588362
-2.320000,0.027048,0.000000,0.098611,0.129608,0.010170,0.000000,0.219663,0.589659
-2.310000,0.027682,0.000000,0.098865,0.129510,0.010444,0.000000,0.220650,0.590954
-2.300000,0.028327,0.000000,0.099118,0.129410,0.010724,0.000000,0.221640,0.592249
-2.290000,0.028985,0.000000,0.099372,0.129308,0.011011,0.000000,0.222632,0.593542
-2.280000,0.029655,0.000000,0.099624,0.129206,0.011304,0.000000,0.223627,0.594835
-2.270000,0.030337,0.000000,0.099876,0.129101,0.011604,0.000000,0.224625,0.596126
-2.260000,0.031032,0.000000,0.100128,0.128996,0.011911,0.000000,0.225625,0.597417
-2.250000,0.031740,0.000000,0.100379,0.128889,0.012224,0.000000,0.226627,0.598706
-2.240000,0.032460,0.000000,0.100630,0.128781,0.012545,0.000000,0.227632,0.599995
-2.230000,0.033194,0.000000,0.100880,0.128672,0.012874,0.000000,0.228640,0.601282
-2.220000,0.033941,0.000000,0.101130,0.128561,0.013209,0.000000,0.229650,0.602568
-2.210000,0.034701,0.000001,0.101379,0.128449,0.013553,0.000000,0.230663,0.603853
-2.200000,0.035475,0.000001,0.101628,0.128336,0.013903,0.000000,0.231678,0.605137
-2.190000,0.036262,0.000001,0.101876,0.128221,0.014262,0.000000,0.232695,0.606420
-2.180000,0.037063,0.000001,0.102123,0.128105,0.014629,0.000000,0.233715,0.607702
-2.170000,0.037878,0.000001,0.102371,0.127987,0.015003,0.000000,0.234738,0.608982
-2.160000,0.038707,0.000001,0.102617,0.127869,0.015386,0.000000,0.235762,0.610261
-2.150000,0.039550,0.000001,0.102863,0.127749,0.015778,0.000000,0.236790,0.611539
-2.140000,0.040408,0.000001,0.103109,0.127627,0.016177,0.000000,0.237820,0.612816
-2.130000,0.041280,0.000001,0.103353,0.127505,0.016586,0.000000,0.238852,0.614092
-2.120000,0.042166,0.000001,0.103598,0.127381,0.017003,0.000000,0.239887,0.615366
-2.110000,0.043067,0.000001,0.103841,0.127256,0.017429,0.000000,0.240924,0.616639
-2.100000,0.043984,0.000001,0.104085,0.127129,0.017864,0.000000,0.241964,0.617911
-2.090000,0.044915,0.000001,0.104327,0.127002,0.018309,0.000000,0.243006,0.619182
-2.080000,0.045861,0.000001,0.104569,0.126872,0.018763,0.000000,0.244050,0.620451
-2.070000,0.046823,0.000001,0.104811,0.126742,0.019226,0.000000,0.245097,0.621720
-2.060000,0.047800,0.000001,0.105051,0.126611,0.019699,0.000000,0.246146,0.622986
-2.050000,0.048792,0.000001,0.105291,0.126478,0.020182,0.000000,0.247198,0.624252
-2.040000,0.049800,0.000001,0.105531,0.126344,0.020675,0.000000,0.248252,0.625516
-2.030000,0.050824,0.000001,0.105770,0.126208,0.021178,0.000000,0.249309,0.626779
-2.020000,0.051864,0.000001,0.106008,0.126071,0.021692,0.000000,0.250368,0.628040
-2.010000,0.052919,0.000001,0.106246,0.125934,0.022216,0.000000,0.251429,0.629300
-2.000000,0.053991,0.000001,0.106483,0.125794,0.022750,0.000000,0.252493,0.630559
-1.990000,0.055079,0.000002,0.106719,0.125654,0.023295,0.000000,0.253559,0.631816
-1.980000,0.056183,0.000002,0.106955,0.125512,0.023852,0.000000,0.254627,0.633072
-1.970000,0.057304,0.000002,0.107190,0.125370,0.024419,0.000000,0.255698,0.634326
-1.960000,0.058441,0.000002,0.107424,0.125225,0.024998,0.000000,0.256771,0.635579
-1.950000,0.059595,0.000002,0.107657,0.125080,0.025588,0.000000,0.257846,0.636831
-1.940000,0.060765,0.000002,0.107890,0.124934,0.026190,0.000000,0.258924,0.638081
-1.930000,0.061952,0.000002,0.108123,0.124786,0.026803,0.000000,0.260004,0.639329
-1.920000,0.063157,0.000002,0.108354,0.124637,0.027429,0.000000,0.261086,0.640576
-1.910000,0.064378,0.000002,0.108585,0.124487,0.028067,0.000000,0.262171,0.641822
-1.900000,0.065616,0.000002,0.108815,0.124335,0.028717,0.000000,0.263258,0.643066
-1.890000,0.066871,0.000003,0.109044,0.124183,0.029379,0.000001,0.264347,0.644309
-1.880000,0.068144,0.000003,0.109273,0.124029,0.030054,0.000001,0.265439,0.645550
-1.870000,0.069433,0.000003,0.109501,0.123874,0.030742,0.000001,0.266533,0.646789
-1.860000,0.070740,0.000003,0.109728,0.123718,0.031443,0.000001,0.267629,0.648027
-1.850000,0.072065,0.000003,0.109954,0.123561,0.032157,0.000001,0.268727,0.649264
-1.840000,0.073407,0.000003,0.110180,0.123402,0.032884,0.000001,0.269828,0.650499
-1.830000,0.074766,0.000003,0.110405,0.123243,0.033625,0.000001,0.270931,0.651732
-1.820000,0.076143,0.000004,0.110629,0.123082,0.034380,0.000001,0.272036,0.652963
-1.810000,0.077538,0.000004,0.110852,0.122920,0.035148,0.000001,0.273143,0.654193
-1.800000,0.078950,0.000004,0.111075,0.122757,0.035930,0.000001,0.274253,0.655422
-1.790000,0.080380,0.000004,0.111297,0.122592,0.036727,0.000001,0.275365,0.656648
-1.780000,0.081828,0.000004,0.111518,0.122427,0.037538,0.000001,0.276479,0.657874
-1.770000,0.083293,0.000005,0.111738,0.122261,0.038364,0.000001,0.277595,0.659097
-1.760000,0.084776,0.000005,0.111957,0.122093,0.039204,0.000001,0.278714,0.660319
-1.750000,0.086277,0.000005,0.112176,0.121924,0.040059,0.000001,0.279834,0.661539
-1.740000,0.087796,0.000005,0.112393,0.121754,0.040930,0.000001,0.280957,0.662757
-1.730000,0.089333,0.000006,0.112610,0.121583,0.041815,0.000001,0.282082,0.663974
-1.720000,0.090887,0.000006,0.112826,0.121411,0.042716,0.000001,0.283210,0.665189
-1.710000,0.092459,0.000006,0.113041,0.121238,0.043633,0.000001,0.284339,0.666402
-1.700000,0.094049,0.000006,0.113256,0.121064,0.044565,0.000001,0.285470,0.667614
-1.690000,0.095657,0.000007,0.113469,0.120888,0.045514,0.000001,0.286604,0.668823
-1.680000,0.097282,0.000007,0.113682,0.120712,0.046479,0.000001,0.287740,0.670031
-1.670000,0.098925,0.000007,0.113894,0.120534,0.047460,0.000002,0.288878,0.671238
-1.660000,0.100586,0.000008,0.114105,0.120355,0.048457,0.000002,0.290018,0.672442
-1.650000,0.102265,0.000008,0.114315,0.120176,0.049471,0.000002,0.291160,0.673645
-1.640000,0.103961,0.000008,0.114524,0.119995,0.050503,0.000002,0.292304,0.674846
-1.630000,0.105675,0.000009,0.114732,0.119813,0.051551,0.000002,0.293450,0.676045
-1.620000,0.107406,0.000009,0.114939,0.119630,0.052616,0.000002,0.294599,0.677242
-1.610000,0.109155,0.000010,0.115146,0.119446,0.053699,0.000002,0.295749,0.678437
-1.600000,0.110921,0.000010,0.115351,0.119261,0.054799,0.000002,0.296901,0.679631
-1.590000,0.112704,0.000011,0.115556,0.119075,0.055917,0.000002,0.298056,0.680822
-1.580000,0.114505,0.000011,0.115760,0.118888,0.057053,0.000002,0.299213,0.682012
-1.570000,0.116323,0.000012,0.115962,0.118700,0.058208,0.000002,0.300371,0.683200
-1.560000,0.118157,0.000012,0.116164,0.118511,0.059380,0.000003,0.301532,0.684386
-1.550000,0.120009,0.000013,0.116365,0.118321,0.060571,0.000003,0.302694,0.685570
-1.540000,0.121878,0.000013,0.116565,0.118130,0.061780,0.000003,0.303859,0.686753
-1.530000,0.123763,0.000014,0.116764,0.117937,0.063008,0.000003,0.305026,0.687933
-1.520000,0.125665,0.000015,0.116962,0.117744,0.064255,0.000003,0.306194,0.689111
-1.510000,0.127583,0.000015,0.117159,0.117550,0.065522,0.000003,0.307365,0.690288
-1.500000,0.129518,0.000016,0.117355,0.117355,0.066807,0.000003,0.308538,0.691462
-1.490000,0.131468,0.000017,0.117550,0.117159,0.068112,0.000004,0.309712,0.692635
-1.480000,0.133435,0.000017,0.117744,0.116962,0.069437,0.000004,0.310889,0.693806
-1.470000,0.135418,0.000018,0.117937,0.116764,0.070781,0.000004,0.312067,0.694974
-1.460000,0.137417,0.000019,0.118130,0.116565,0.072145,0.000004,0.313247,0.696141
-1.450000,0.139431,0.000020,0.118321,0.116365,0.073529,0.000004,0.314430,0.697306
-1.440000,0.141460,0.000021,0.118511,0.116164,0.074934,0.000004,0.315614,0.698468
-1.430000,0.143505,0.000022,0.118700,0.115962,0.076359,0.000005,0.316800,0.699629
-1.420000,0.145564,0.000023,0.118888,0.115760,0.077804,0.000005,0.317988,0.700787
-1.410000,0.147639,0.000024,0.119075,0.115556,0.079270,0.000005,0.319178,0.701944
-1.400000,0.149727,0.000025,0.119261,0.115351,0.080757,0.000005,0.320369,0.703099
-1.390000,0.151831,0.000026,0.119446,0.115146,0.082264,0.000006,0.321563,0.704251
-1.380000,0.153948,0.000027,0.119630,0.114939,0.083793,0.000006,0.322758,0.705401
-1.370000,0.156080,0.000028,0.119813,0.114732,0.085343,0.000006,0.323955,0.706550
-1.360000,0.158225,0.000030,0.119995,0.114524,0.086915,0.000007,0.325154,0.707696
-1.350000,0.160383,0.000031,0.120176,0.114315,0.088508,0.000007,0.326355,0.708840
-1.340000,0.162555,0.000032,0.120355,0.114105,0.090123,0.000007,0.327558,0.709982
-1.330000,0.164740,0.000034,0.120534,0.113894,0.091759,0.000007,0.328762,0.711122
-1.320000,0.166937,0.000035,0.120712,0.113682,0.093418,0.000008,0.329969,0.712260
-1.310000,0.169147,0.000037,0.120888,0.113469,0.095098,0.000008,0.331177,0.713396
-1.300000,0.171369,0.000039,0.121064,0.113256,0.096800,0.000009,0.332386,0.714530
-1.290000,0.173602,0.000040,0.121238,0.113041,0.098525,0.000009,0.333598,0.715661
-1.280000,0.175847,0.000042,0.121411,0.112826,0.100273,0.000009,0.334811,0.716790
-1.270000,0.178104,0.000044,0.121583,0.112610,0.102042,0.000010,0.336026,0.717918
-1.260000,0.180371,0.000046,0.121754,0.112393,0.103835,0.000010,0.337243,0.719043
-1.250000,0.182649,0.000048,0.121924,0.112176,0.105650,0.000011,0.338461,0.720166
-1.240000,0.184937,0.000050,0.122093,0.111957,0.107488,0.000011,0.339681,0.721286
-1.230000,0.187235,0.000052,0.122261,0.111738,0.109349,0.000012,0.340903,0.722405
-1.220000,0.189543,0.000054,0.122427,0.111518,0.111232,0.000012,0.342126,0.723521
-1.210000,0.191860,0.000057,0.122592,0.111297,0.113139,0.000013,0.343352,0.724635
-1.200000,0.194186,0.000059,0.122757,0.111075,0.115070,0.000013,0.344578,0.725747
-1.190000,0.196520,0.000061,0.122920,0.110852,0.117023,0.000014,0.345807,0.726857
-1.180000,0.198863,0.000064,0.123082,0.110629,0.119000,0.000015,0.347037,0.727964
-1.170000,0.201214,0.000067,0.123243,0.110405,0.121000,0.000015,0.348268,0.729069
-1.160000,0.203571,0.000070,0.123402,0.110180,0.123024,0.000016,0.349501,0.730172
-1.150000,0.205936,0.000073,0.123561,0.109954,0.125072,0.000017,0.350736,0.731273
-1.140000,0.208308,0.000076,0.123718,0.109728,0.127143,0.000017,0.351973,0.732371
-1.130000,0.210686,0.000079,0.123874,0.109501,0.129238,0.000018,0.353211,0.733467
-1.120000,0.213069,0.000082,0.124029,0.109273,0.131357,0.000019,0.354450,0.734561
-1.110000,0.215458,0.000086,0.124183,0.109044,0.133500,0.000020,0.355691,0.735653
-1.100000,0.217852,0.000089,0.124335,0.108815,0.135666,0.000021,0.356934,0.736742
-1.090000,0.220251,0.000093,0.124487,0.108585,0.137857,0.000022,0.358178,0.737829
-1.080000,0.222653,0.000097,0.124637,0.108354,0.140071,0.000023,0.359424,0.738914
-1.070000,0.225060,0.000101,0.124786,0.108123,0.142310,0.000024,0.360671,0.739996
-1.060000,0.227470,0.000105,0.124934,0.107890,0.144572,0.000025,0.361919,0.741076
-1.050000,0.229882,0.000109,0.125080,0.107657,0.146859,0.000026,0.363169,0.742154
-1.040000,0.232297,0.000114,0.125225,0.107424,0.149170,0.000027,0.364421,0.743229
-1.030000,0.234714,0.000119,0.125370,0.107190,0.151505,0.000028,0.365674,0.744302
-1.020000,0.237132,0.000124,0.125512,0.106955,0.153864,0.000029,0.366928,0.745373
-1.010000,0.239551,0.000129,0.125654,0.106719,0.156248,0.000030,0.368184,0.746441
-1.000000,0.241971,0.000134,0.125794,0.106483,0.158655,0.000032,0.369441,0.747507
-0.990000,0.244390,0.000139,0.125934,0.106246,0.161087,0.000033,0.370700,0.748571
-0.980000,0.246809,0.000145,0.126071,0.106008,0.163543,0.000034,0.371960,0.749632
-0.970000,0.249228,0.000151,0.126208,0.105770,0.166023,0.000036,0.373221,0.750691
-0.960000,0.251644,0.000157,0.126344,0.105531,0.168528,0.000037,0.374484,0.751748
-0.950000,0.254059,0.000163,0.126478,0.105291,0.171056,0.000039,0.375748,0.752802
-0.940000,0.256471,0.000170,0.126611,0.105051,0.173609,0.000041,0.377014,0.753854
-0.930000,0.258881,0.000177,0.126742,0.104811,0.176186,0.000042,0.378280,0.754903
-0.920000,0.261286,0.000184,0.126872,0.104569,0.178786,0.000044,0.379549,0.755950
-0.910000,0.263688,0.000191,0.127002,0.104327,0.181411,0.000046,0.380818,0.756994
-0.900000,0.266085,0.000199,0.127129,0.104085,0.184060,0.000048,0.382089,0.758036
-0.890000,0.268477,0.000207,0.127256,0.103841,0.186733,0.000050,0.383361,0.759076
-0.880000,0.270864,0.000215,0.127381,0.103598,0.189430,0.000052,0.384634,0.760113
-0.870000,0.273244,0.000223,0.127505,0.103353,0.192150,0.000054,0.385908,0.761148
-0.860000,0.275618,0.000232,0.127627,0.103109,0.194895,0.000057,0.387184,0.762180
-0.850000,0.277985,0.000241,0.127749,0.102863,0.197663,0.000059,0.388461,0.763210
-0.840000,0.280344,0.000251,0.127869,0.102617,0.200454,0.000062,0.389739,0.764238
-0.830000,0.282694,0.000260,0.127987,0.102371,0.203269,0.000064,0.391018,0.765262
-0.820000,0.285036,0.000271,0.128105,0.102123,0.206108,0.000067,0.392298,0.766285
-0.810000,0.287369,0.000281,0.128221,0.101876,0.208970,0.000069,0.393580,0.767305
-0.800000,0.289692,0.000292,0.128336,0.101628,0.211855,0.000072,0.394863,0.768322
-0.790000,0.292004,0.000303,0.128449,0.101379,0.214764,0.000075,0.396147,0.769337
-0.780000,0.294305,0.000315,0.128561,0.101130,0.217695,0.000078,0.397432,0.770350
-0.770000,0.296595,0.000327,0.128672,0.100880,0.220650,0.000082,0.398718,0.771360
-0.760000,0.298872,0.000340,0.128781,0.100630,0.223627,0.000085,0.400005,0.772368
-0.750000,0.301137,0.000353,0.128889,0.100379,0.226627,0.000088,0.401294,0.773373
-0.740000,0.303389,0.000366,0.128996,0.100128,0.229650,0.000092,0.402583,0.774375
-0.730000,0.305627,0.000380,0.129101,0.099876,0.232695,0.000096,0.403874,0.775375
-0.720000,0.307851,0.000394,0.129206,0.099624,0.235762,0.000100,0.405165,0.776373
-0.710000,0.310060,0.000409,0.129308,0.099372,0.238852,0.000104,0.406458,0.777368
-0.700000,0.312254,0.000425,0.129410,0.099118,0.241964,0.000108,0.407751,0.778360
-0.690000,0.314432,0.000441,0.129510,0.098865,0.245097,0.000112,0.409046,0.779350
-0.680000,0.316593,0.000457,0.129608,0.098611,0.248252,0.000117,0.410341,0.780337
-0.670000,0.318737,0.000474,0.129705,0.098357,0.251429,0.000121,0.411638,0.781322
-0.660000,0.320864,0.000492,0.129801,0.098102,0.254627,0.000126,0.412936,0.782305
-0.650000,0.322972,0.000510,0.129896,0.097846,0.257846,0.000131,0.414234,0.783284
-0.640000,0.325062,0.000529,0.129989,0.097591,0.261086,0.000136,0.415533,0.784261
-0.630000,0.327133,0.000549,0.130081,0.097335,0.264347,0.000142,0.416834,0.785236
-0.620000,0.329184,0.000569,0.130171,0.097078,0.267629,0.000147,0.418135,0.786208
-0.610000,0.331215,0.000590,0.130260,0.096821,0.270931,0.000153,0.419437,0.787178
-0.600000,0.333225,0.000612,0.130348,0.096564,0.274253,0.000159,0.420740,0.788145
-0.590000,0.335213,0.000634,0.130434,0.096306,0.277595,0.000165,0.422044,0.789109
-0.580000,0.337180,0.000657,0.130519,0.096048,0.280957,0.000172,0.423349,0.790071
-0.570000,0.339124,0.000681,0.130602,0.095790,0.284339,0.000178,0.424655,0.791030
-0.560000,0.341046,0.000706,0.130684,0.095531,0.287740,0.000185,0.425961,0.791987
-0.550000,0.342944,0.000732,0.130765,0.095272,0.291160,0.000193,0.427268,0.792941
-0.540000,0.344818,0.000758,0.130844,0.095012,0.294599,0.000200,0.428576,0.793892
-0.530000,0.346668,0.000785,0.130922,0.094752,0.298056,0.000208,0.429885,0.794841
-0.520000,0.348493,0.000814,0.130998,0.094492,0.301532,0.000216,0.431195,0.795787
-0.510000,0.350292,0.000843,0.131073,0.094231,0.305026,0.000224,0.432505,0.796731
-0.500000,0.352065,0.000873,0.131147,0.093971,0.308538,0.000233,0.433816,0.797672
-0.490000,0.353812,0.000904,0.131219,0.093709,0.312067,0.000242,0.435128,0.798610
-0.480000,0.355533,0.000936,0.131289,0.093448,0.315614,0.000251,0.436441,0.799546
-0.470000,0.357225,0.000969,0.131359,0.093186,0.319178,0.000260,0.437754,0.800479
-0.460000,0.358890,0.001003,0.131427,0.092924,0.322758,0.000270,0.439068,0.801410
-0.450000,0.360527,0.001038,0.131493,0.092662,0.326355,0.000280,0.440382,0.802337
-0.440000,0.362135,0.001075,0.131558,0.092399,0.329969,0.000291,0.441698,0.803263
-0.430000,0.363714,0.001112,0.131622,0.092136,0.333598,0.000302,0.443013,0.804185
-0.420000,0.365263,0.001151,0.131684,0.091873,0.337243,0.000313,0.444330,0.805105
-0.410000,0.366782,0.001191,0.131745,0.091609,0.340903,0.000325,0.445647,0.806023
-0.400000,0.368270,0.001232,0.131804,0.091345,0.344578,0.000337,0.446965,0.806938
-0.390000,0.369728,0.001275,0.131862,0.091081,0.348268,0.000349,0.448283,0.807850
-0.380000,0.371154,0.001319,0.131918,0.090817,0.351973,0.000362,0.449602,0.808759
-0.370000,0.372548,0.001364,0.131973,0.090553,0.355691,0.000376,0.450922,0.809666
-0.360000,0.373911,0.001411,0.132027,0.090288,0.359424,0.000390,0.452242,0.810570
-0.350000,0.375240,0.001459,0.132079,0.090023,0.363169,0.000404,0.453562,0.811472
-0.340000,0.376537,0.001508,0.132129,0.089758,0.366928,0.000419,0.454883,0.812371
-0.330000,0.377801,0.001560,0.132179,0.089492,0.370700,0.000434,0.456205,0.813267
-0.320000,0.379031,0.001612,0.132226,0.089227,0.374484,0.000450,0.457527,0.814161
-0.310000,0.380226,0.001667,0.132273,0.088961,0.378280,0.000466,0.458849,0.815052
-0.300000,0.381388,0.001723,0.132318,0.088695,0.382089,0.000483,0.460172,0.815940
-0.290000,0.382515,0.001780,0.132361,0.088429,0.385908,0.000501,0.461496,0.816825
-0.280000,0.383606,0.001840,0.132403,0.088163,0.389739,0.000519,0.462819,0.817708
-0.270000,0.384663,0.001901,0.132443,0.087896,0.393580,0.000538,0.464144,0.818589
-0.260000,0.385683,0.001964,0.132482,0.087629,0.397432,0.000557,0.465468,0.819466
-0.250000,0.386668,0.002029,0.132520,0.087362,0.401294,0.000577,0.466793,0.820341
-0.240000,0.387617,0.002096,0.132556,0.087095,0.405165,0.000598,0.468119,0.821214
-0.230000,0.388529,0.002165,0.132591,0.086828,0.409046,0.000619,0.469444,0.822083
-0.220000,0.389404,0.002236,0.132624,0.086561,0.412936,0.000641,0.470770,0.822950
-0.210000,0.390242,0.002309,0.132655,0.086294,0.416834,0.000664,0.472097,0.823814
-0.200000,0.391043,0.002384,0.132686,0.086026,0.420740,0.000687,0.473424,0.824676
-0.190000,0.391806,0.002461,0.132714,0.085758,0.424655,0.000711,0.474751,0.825535
-0.180000,0.392531,0.002541,0.132742,0.085490,0.428576,0.000736,0.476078,0.826391
-0.170000,0.393219,0.002623,0.132767,0.085223,0.432505,0.000762,0.477405,0.827245
-0.160000,0.393868,0.002707,0.132792,0.084954,0.436441,0.000789,0.478733,0.828096
-0.150000,0.394479,0.002794,0.132815,0.084686,0.440382,0.000816,0.480061,0.828944
-0.140000,0.395052,0.002884,0.132836,0.084418,0.444330,0.000845,0.481389,0.829789
-0.130000,0.395585,0.002975,0.132856,0.084150,0.448283,0.000874,0.482718,0.830632
-0.120000,0.396080,0.003070,0.132874,0.083881,0.452242,0.000904,0.484047,0.831472
-0.110000,0.396536,0.003167,0.132891,0.083613,0.456205,0.000935,0.485375,0.832310
-0.100000,0.396953,0.003267,0.132907,0.083344,0.460172,0.000968,0.486704,0.833145
-0.090000,0.397330,0.003370,0.132921,0.083076,0.464144,0.001001,0.488034,0.833977
-0.080000,0.397668,0.003475,0.132933,0.082807,0.468119,0.001035,0.489363,0.834806
-0.070000,0.397966,0.003584,0.132945,0.082539,0.472097,0.001070,0.490692,0.835633
-0.060000,0.398225,0.003695,0.132954,0.082270,0.476078,0.001107,0.492022,0.836457
-0.050000,0.398444,0.003810,0.132962,0.082001,0.480061,0.001144,0.493351,0.837278
-0.040000,0.398623,0.003928,0.132969,0.081732,0.484047,0.001183,0.494681,0.838097
-0.030000,0.398763,0.004049,0.132974,0.081463,0.488034,0.001223,0.496011,0.838913
-0.020000,0.398862,0.004173,0.132978,0.081195,0.492022,0.001264,0.497340,0.839726
-0.010000,0.398922,0.004301,0.132980,0.080926,0.496011,0.001306,0.498670,0.840537
0.000000,0.398942,0.004432,0.132981,0.080657,0.500000,0.001350,0.500000,0.841345
0.010000,0.398922,0.004567,0.132980,0.080388,0.503989,0.001395,0.501330,0.842150
0.020000,0.398862,0.004705,0.132978,0.080119,0.507978,0.001441,0.502660,0.842953
0.030000,0.398763,0.004847,0.132974,0.079850,0.511966,0.001489,0.503989,0.843752
0.040000,0.398623,0.004993,0.132969,0.079582,0.515953,0.001538,0.505319,0.844550
0.050000,0.398444,0.005143,0.132962,0.079313,0.519939,0.001589,0.506649,0.845344
0.060000,0.398225,0.005296,0.132954,0.079044,0.523922,0.001641,0.507978,0.846136
0.070000,0.397966,0.005454,0.132945,0.078775,0.527903,0.001695,0.509308,0.846925
0.080000,0.397668,0.005616,0.132933,0.078507,0.531881,0.001750,0.510637,0.847711
0.090000,0.397330,0.005782,0.132921,0.078238,0.535856,0.001807,0.511966,0.848495
0.100000,0.396953,0.005953,0.132907,0.077969,0.539828,0.001866,0.513296,0.849276
0.110000,0.396536,0.006127,0.132891,0.077701,0.543795,0.001926,0.514625,0.850054
0.120000,0.396080,0.006307,0.132874,0.077432,0.547758,0.001988,0.515953,0.850830
0.130000,0.395585,0.006491,0.132856,0.077164,0.551717,0.002052,0.517282,0.851603
0.140000,0.395052,0.006679,0.132836,0.076896,0.555670,0.002118,0.518611,0.852373
0.150000,0.394479,0.006873,0.132815,0.076627,0.559618,0.002186,0.519939,0.853141
0.160000,0.393868,0.007071,0.132792,0.076359,0.563559,0.002256,0.521267,0.853906
0.170000,0.393219,0.007274,0.132767,0.076091,0.567495,0.002327,0.522595,0.854668
0.180000,0.392531,0.007483,0.132742,0.075823,0.571424,0.002401,0.523922,0.855428
0.190000,0.391806,0.007697,0.132714,0.075555,0.575345,0.002477,0.525249,0.856185
0.200000,0.391043,0.007915,0.132686,0.075288,0.579260,0.002555,0.526576,0.856939
0.210000,0.390242,0.008140,0.132655,0.075020,0.583166,0.002635,0.527903,0.857690
0.220000,0.389404,0.008370,0.132624,0.074752,0.587064,0.002718,0.529230,0.858439
0.230000,0.388529,0.008605,0.132591,0.074485,0.590954,0.002803,0.530556,0.859185
0.240000,0.387617,0.008846,0.132556,0.074218,0.594835,0.002890,0.531881,0.859929
0.250000,0.386668,0.009094,0.132520,0.073951,0.598706,0.002980,0.533207,0.860670
0.260000,0.385683,0.009347,0.132482,0.073684,0.602568,0.003072,0.534532,0.861408
0.270000,0.384663,0.009606,0.132443,0.073417,0.606420,0.003167,0.535856,0.862143
0.280000,0.383606,0.009871,0.132403,0.073150,0.610261,0.003264,0.537181,0.862876
0.290000,0.382515,0.010143,0.132361,0.072884,0.614092,0.003364,0.538504,0.863606
0.300000,0.381388,0.010421,0.132318,0.072617,0.617911,0.003467,0.539828,0.864334
0.310000,0.380226,0.010706,0.132273,0.072351,0.621720,0.003573,0.541151,0.865059
0.320000,0.379031,0.010997,0.132226,0.072085,0.625516,0.003681,0.542473,0.865781
0.330000,0.377801,0.011295,0.132179,0.071819,0.629300,0.003793,0.543795,0.866500
0.340000,0.376537,0.011600,0.132129,0.071554,0.633072,0.003907,0.545117,0.867217
0.350000,0.375240,0.011912,0.132079,0.071288,0.636831,0.004025,0.546438,0.867932
0.360000,0.373911,0.012232,0.132027,0.071023,0.640576,0.004145,0.547758,0.868643
0.370000,0.372548,0.012558,0.131973,0.070758,0.644309,0.004269,0.549078,0.869352
0.380000,0.371154,0.012892,0.131918,0.070493,0.648027,0.004396,0.550398,0.870058
0.390000,0.369728,0.013234,0.131862,0.070229,0.651732,0.004527,0.551717,0.870762
0.400000,0.368270,0.013583,0.131804,0.069964,0.655422,0.004661,0.553035,0.871463
0.410000,0.366782,0.013940,0.131745,0.069700,0.659097,0.004799,0.554353,0.872161
0.420000,0.365263,0.014305,0.131684,0.069436,0.662757,0.004940,0.555670,0.872857
0.430000,0.363714,0.014678,0.131622,0.069172,0.666402,0.005085,0.556987,0.873550
0.440000,0.362135,0.015060,0.131558,0.068909,0.670031,0.005234,0.558302,0.874240
0.450000,0.360527,0.015449,0.131493,0.068645,0.673645,0.005386,0.559618,0.874928
0.460000,0.358890,0.015848,0.131427,0.068382,0.677242,0.005543,0.560932,0.875613
0.470000,0.357225,0.016254,0.131359,0.068120,0.680822,0.005703,0.562246,0.876296
0.480000,0.355533,0.016670,0.131289,0.067857,0.684386,0.005868,0.563559,0.876976
0.490000,0.353812,0.017095,0.131219,0.067595,0.687933,0.006037,0.564872,0.877653
0.500000,0.352065,0.017528,0.131147,0.067333,0.691462,0.006210,0.566184,0.878327
0.510000,0.350292,0.017971,0.131073,0.067071,0.694974,0.006387,0.567495,0.879000
0.520000,0.348493,0.018423,0.130998,0.066810,0.698468,0.006569,0.568805,0.879669
0.530000,0.346668,0.018885,0.130922,0.066549,0.701944,0.006756,0.570115,0.880336
0.540000,0.344818,0.019356,0.130844,0.066288,0.705401,0.006947,0.571424,0.881000
0.550000,0.342944,0.019837,0.130765,0.066027,0.708840,0.007143,0.572732,0.881661
0.560000,0.341046,0.020328,0.130684,0.065767,0.712260,0.007344,0.574039,0.882320
0.570000,0.339124,0.020829,0.130602,0.065507,0.715661,0.007549,0.575345,0.882977
0.580000,0.337180,0.021341,0.130519,0.065247,0.719043,0.007760,0.576651,0.883631
0.590000,0.335213,0.021862,0.130434,0.064988,0.722405,0.007976,0.577956,0.884282
0.600000,0.333225,0.022395,0.130348,0.064729,0.725747,0.008198,0.579260,0.884930
0.610000,0.331215,0.022937,0.130260,0.064470,0.729069,0.008424,0.580563,0.885576
0.620000,0.329184,0.023491,0.130171,0.064211,0.732371,0.008656,0.581865,0.886220
0.630000,0.327133,0.024056,0.130081,0.063953,0.735653,0.008894,0.583166,0.886861
0.640000,0.325062,0.024631,0.129989,0.063696,0.738914,0.009137,0.584467,0.887499
0.650000,0.322972,0.025218,0.129896,0.063438,0.742154,0.009387,0.585766,0.888134
0.660000,0.320864,0.025817,0.129801,0.063181,0.745373,0.009642,0.587064,0.888768
0.670000,0.318737,0.026426,0.129705,0.062924,0.748571,0.009903,0.588362,0.889398
0.680000,0.316593,0.027048,0.129608,0.062668,0.751748,0.010170,0.589659,0.890026
0.690000,0.314432,0.027682,0.129510,0.062412,0.754903,0.010444,0.590954,0.890651
0.700000,0.312254,0.028327,0.129410,0.062156,0.758036,0.010724,0.592249,0.891274
0.710000,0.310060,0.028985,0.129308,0.061901,0.761148,0.011011,0.593542,0.891895
0.720000,0.307851,0.029655,0.129206,0.061646,0.764238,0.011304,0.594835,0.892512
0.730000,0.305627,0.030337,0.129101,0.061391,0.767305,0.011604,0.596126,0.893127
0.740000,0.303389,0.031032,0.128996,0.061137,0.770350,0.011911,0.597417,0.893740
0.750000,0.301137,0.031740,0.128889,0.060883,0.773373,0.012224,0.598706,0.894350
0.760000,0.298872,0.032460,0.128781,0.060630,0.776373,0.012545,0.599995,0.894958
0.770000,0.296595,0.033194,0.128672,0.060376,0.779350,0.012874,0.601282,0.895563
0.780000,0.294305,0.033941,0.128561,0.060124,0.782305,0.013209,0.602568,0.896165
0.790000,0.292004,0.034701,0.128449,0.059871,0.785236,0.013553,0.603853,0.896765
0.800000,0.289692,0.035475,0.128336,0.059619,0.788145,0.013903,0.605137,0.897363
0.810000,0.287369,0.036262,0.128221,0.059368,0.791030,0.014262,0.606420,0.897958
0.820000,0.285036,0.037063,0.128105,0.059117,0.793892,0.014629,0.607702,0.898550
0.830000,0.282694,0.037878,0.127987,0.058866,0.796731,0.015003,0.608982,0.899140
0.840000,0.280344,0.038707,0.127869,0.058616,0.799546,0.015386,0.610261,0.899727
0.850000,0.277985,0.039550,0.127749,0.058366,0.802337,0.015778,0.611539,0.900312
0.860000,0.275618,0.040408,0.127627,0.058116,0.805105,0.016177,0.612816,0.900895
0.870000,0.273244,0.041280,0.127505,0.057867,0.807850,0.016586,0.614092,0.901475
0.880000,0.270864,0.042166,0.127381,0.057619,0.810570,0.017003,0.615366,0.902052
0.890000,0.268477,0.043067,0.127256,0.057371,0.813267,0.017429,0.616639,0.902627
0.900000,0.266085,0.043984,0.127129,0.057123,0.815940,0.017864,0.617911,0.903200
0.910000,0.263688,0.044915,0.127002,0.056876,0.818589,0.018309,0.619182,0.903770
0.920000,0.261286,0.045861,0.126872,0.056629,0.821214,0.018763,0.620451,0.904337
0.930000,0.258881,0.046823,0.126742,0.056382,0.823814,0.019226,0.621720,0.904902
0.940000,0.256471,0.047800,0.126611,0.056136,0.826391,0.019699,0.622986,0.905465
0.950000,0.254059,0.048792,0.126478,0.055891,0.828944,0.020182,0.624252,0.906025
0.960000,0.251644,0.049800,0.126344,0.055646,0.831472,0.020675,0.625516,0.906582
0.970000,0.249228,0.050824,0.126208,0.055401,0.833977,0.021178,0.626779,0.907138
0.980000,0.246809,0.051864,0.126071,0.055157,0.836457,0.021692,0.628040,0.907691
0.990000,0.244390,0.052919,0.125934,0.054913,0.838913,0.022216,0.629300,0.908241
1.000000,0.241971,0.053991,0.125794,0.054670,0.841345,0.022750,0.630559,0.908789
1.010000,0.239551,0.055079,0.125654,0.054427,0.843752,0.023295,0.631816,0.909334
1.020000,0.237132,0.056183,0.125512,0.054185,0.846136,0.023852,0.633072,0.909877
1.030000,0.234714,0.057304,0.125370,0.053943,0.848495,0.024419,0.634326,0.910418
1.040000,0.232297,0.058441,0.125225,0.053702,0.850830,0.024998,0.635579,0.910956
1.050000,0.229882,0.059595,0.125080,0.053461,0.853141,0.025588,0.636831,0.911492
1.060000,0.227470,0.060765,0.124934,0.053221,0.855428,0.026190,0.638081,0.912025
1.070000,0.225060,0.061952,0.124786,0.052981,0.857690,0.026803,0.639329,0.912556
1.080000,0.222653,0.063157,0.124637,0.052742,0.859929,0.027429,0.640576,0.913085
1.090000,0.220251,0.064378,0.124487,0.052503,0.862143,0.028067,0.641822,0.913611
1.100000,0.217852,0.065616,0.124335,0.052264,0.864334,0.028717,0.643066,0.914135
1.110000,0.215458,0.066871,0.124183,0.052027,0.866500,0.029379,0.644309,0.914657
1.120000,0.213069,0.068144,0.124029,0.051789,0.868643,0.030054,0.645550,0.915176
1.130000,0.210686,0.069433,0.123874,0.051552,0.870762,0.030742,0.646789,0.915692
1.140000,0.208308,0.070740,0.123718,0.051316,0.872857,0.031443,0.648027,0.916207
1.150000,0.205936,0.072065,0.123561,0.051080,0.874928,0.032157,0.649264,0.916719
1.160000,0.203571,0.073407,0.123402,0.050845,0.876976,0.032884,0.650499,0.917228
1.170000,0.201214,0.074766,0.123243,0.050610,0.879000,0.033625,0.651732,0.917736
1.180000,0.198863,0.076143,0.123082,0.050376,0.881000,0.034380,0.652963,0.918240
1.190000,0.196520,0.077538,0.122920,0.050142,0.882977,0.035148,0.654193,0.918743
1.200000,0.194186,0.078950,0.122757,0.049909,0.884930,0.035930,0.655422,0.919243
1.210000,0.191860,0.080380,0.122592,0.049677,0.886861,0.036727,0.656648,0.919741
1.220000,0.189543,0.081828,0.122427,0.049444,0.888768,0.037538,0.657874,0.920237
1.230000,0.187235,0.083293,0.122261,0.049213,0.890651,0.038364,0.659097,0.920730
1.240000,0.184937,0.084776,0.122093,0.048982,0.892512,0.039204,0.660319,0.921221
1.250000,0.182649,0.086277,0.121924,0.048751,0.894350,0.040059,0.661539,0.921710
1.260000,0.180371,0.087796,0.121754,0.048521,0.896165,0.040930,0.662757,0.922196
1.270000,0.178104,0.089333,0.121583,0.048292,0.897958,0.041815,0.663974,0.922680
1.280000,0.175847,0.090887,0.121411,0.048063,0.899727,0.042716,0.665189,0.923162
1.290000,0.173602,0.092459,0.121238,0.047835,0.901475,0.043633,0.666402,0.923641
1.300000,0.171369,0.094049,0.121064,0.047607,0.903200,0.044565,0.667614,0.924119
1.310000,0.169147,0.095657,0.120888,0.047380,0.904902,0.045514,0.668823,0.924594
1.320000,0.166937,0.097282,0.120712,0.047153,0.906582,0.046479,0.670031,0.925066
1.330000,0.164740,0.098925,0.120534,0.046927,0.908241,0.047460,0.671238,0.925537
1.340000,0.162555,0.100586,0.120355,0.046702,0.909877,0.048457,0.672442,0.926005
1.350000,0.160383,0.102265,0.120176,0.046477,0.911492,0.049471,0.673645,0.926471
1.360000,0.158225,0.103961,0.119995,0.046253,0.913085,0.050503,0.674846,0.926934
1.370000,0.156080,0.105675,0.119813,0.046029,0.914657,0.051551,0.676045,0.927396
1.380000,0.153948,0.107406,0.119630,0.045806,0.916207,0.052616,0.677242,0.927855
1.390000,0.151831,0.109155,0.119446,0.045583,0.917736,0.053699,0.678437,0.928312
1.400000,0.149727,0.110921,0.119261,0.045361,0.919243,0.054799,0.679631,0.928767
1.410000,0.147639,0.112704,0.119075,0.045139,0.920730,0.055917,0.680822,0.929219
1.420000,0.145564,0.114505,0.118888,0.044918,0.922196,0.057053,0.682012,0.929669
1.430000,0.143505,0.116323,0.118700,0.044698,0.923641,0.058208,0.683200,0.930117
1.440000,0.141460,0.118157,0.118511,0.044478,0.925066,0.059380,0.684386,0.930563
1.450000,0.139431,0.120009,0.118321,0.044259,0.926471,0.060571,0.685570,0.931007
1.460000,0.137417,0.121878,0.118130,0.044041,0.927855,0.061780,0.686753,0.931449
1.470000,0.135418,0.123763,0.117937,0.043823,0.929219,0.063008,0.687933,0.931888
1.480000,0.133435,0.125665,0.117744,0.043605,0.930563,0.064255,0.689111,0.932325
1.490000,0.131468,0.127583,0.117550,0.043389,0.931888,0.065522,0.690288,0.932760
1.500000,0.129518,0.129518,0.117355,0.043173,0.933193,0.066807,0.691462,0.933193
1.510000,0.127583,0.131468,0.117159,0.042957,0.934478,0.068112,0.692635,0.933623
1.520000,0.125665,0.133435,0.116962,0.042742,0.935745,0.069437,0.693806,0.934052
1.530000,0.123763,0.135418,0.116764,0.042528,0.936992,0.070781,0.694974,0.934478
1.540000,0.121878,0.137417,0.116565,0.042314,0.938220,0.072145,0.696141,0.934902
1.550000,0.120009,0.139431,0.116365,0.042101,0.939429,0.073529,0.697306,0.935325
1.560000,0.118157,0.141460,0.116164,0.041888,0.940620,0.074934,0.698468,0.935745
1.570000,0.116323,0.143505,0.115962,0.041676,0.941792,0.076359,0.699629,0.936162
1.580000,0.114505,0.145564,0.115760,0.041465,0.942947,0.077804,0.700787,0.936578
1.590000,0.112704,0.147639,0.115556,0.041254,0.944083,0.079270,0.701944,0.936992
1.600000,0.110921,0.149727,0.115351,0.041044,0.945201,0.080757,0.703099,0.937403
1.610000,0.109155,0.151831,0.115146,0.040835,0.946301,0.082264,0.704251,0.937813
1.620000,0.107406,0.153948,0.114939,0.040626,0.947384,0.083793,0.705401,0.938220
1.630000,0.105675,0.156080,0.114732,0.040418,0.948449,0.085343,0.706550,0.938625
1.640000,0.103961,0.158225,0.114524,0.040210,0.949497,0.086915,0.707696,0.939028
1.650000,0.102265,0.160383,0.114315,0.040003,0.950529,0.088508,0.708840,0.939429
1.660000,0.100586,0.162555,0.114105,0.039797,0.951543,0.090123,0.709982,0.939828
1.670000,0.098925,0.164740,0.113894,0.039591,0.952540,0.091759,0.711122,0.940225
1.680000,0.097282,0.166937,0.113682,0.039386,0.953521,0.093418,0.712260,0.940620
1.690000,0.095657,0.169147,0.113469,0.039181,0.954486,0.095098,0.713396,0.941013
1.700000,0.094049,0.171369,0.113256,0.038977,0.955435,0.096800,0.714530,0.941404
1.710000,0.092459,0.173602,0.113041,0.038774,0.956367,0.098525,0.715661,0.941792
1.720000,0.090887,0.175847,0.112826,0.038572,0.957284,0.100273,0.716790,0.942179
1.730000,0.089333,0.178104,0.112610,0.038370,0.958185,0.102042,0.717918,0.942564
1.740000,0.087796,0.180371,0.112393,0.038168,0.959070,0.103835,0.719043,0.942947
1.750000,0.086277,0.182649,0.112176,0.037968,0.959941,0.105650,0.720166,0.943327
1.760000,0.084776,0.184937,0.111957,0.037767,0.960796,0.107488,0.721286,0.943706
1.770000,0.083293,0.187235,0.111738,0.037568,0.961636,0.109349,0.722405,0.944083
1.780000,0.081828,0.189543,0.111518,0.037369,0.962462,0.111232,0.723521,0.944457
1.790000,0.080380,0.191860,0.111297,0.037171,0.963273,0.113139,0.724635,0.944830
1.800000,0.078950,0.194186,0.111075,0.036974,0.964070,0.115070,0.725747,0.945201
1.810000,0.077538,0.196520,0.110852,0.036777,0.964852,0.117023,0.726857,0.945569
1.820000,0.076143,0.198863,0.110629,0.036581,0.965620,0.119000,0.727964,0.945936
1.830000,0.074766,0.201214,0.110405,0.036385,0.966375,0.121000,0.729069,0.946301
1.840000,0.073407,0.203571,0.110180,0.036190,0.967116,0.123024,0.730172,0.946664
1.850000,0.072065,0.205936,0.109954,0.035996,0.967843,0.125072,0.731273,0.947025
1.860000,0.070740,0.208308,0.109728,0.035802,0.968557,0.127143,0.732371,0.947384
1.870000,0.069433,0.210686,0.109501,0.035609,0.969258,0.129238,0.733467,0.947741
1.880000,0.068144,0.213069,0.109273,0.035417,0.969946,0.131357,0.734561,0.948096
1.890000,0.066871,0.215458,0.109044,0.035225,0.970621,0.133500,0.735653,0.948449
1.900000,0.065616,0.217852,0.108815,0.035034,0.971283,0.135666,0.736742,0.948801
1.910000,0.064378,0.220251,0.108585,0.034843,0.971933,0.137857,0.737829,0.949150
1.920000,0.063157,0.222653,0.108354,0.034654,0.972571,0.140071,0.738914,0.949497
1.930000,0.061952,0.225060,0.108123,0.034465,0.973197,0.142310,0.739996,0.949843
1.940000,0.060765,0.227470,0.107890,0.034276,0.973810,0.144572,0.741076,0.950187
1.950000,0.059595,0.229882,0.107657,0.034088,0.974412,0.146859,0.742154,0.950529
1.960000,0.058441,0.232297,0.107424,0.033901,0.975002,0.149170,0.743229,0.950868
1.970000,0.057304,0.234714,0.107190,0.033715,0.975581,0.151505,0.744302,0.951207
1.980000,0.056183,0.237132,0.106955,0.033529,0.976148,0.153864,0.745373,0.951543
1.990000,0.055079,0.239551,0.106719,0.033344,0.976705,0.156248,0.746441,0.951877
2.000000,0.053991,0.241971,0.106483,0.033159,0.977250,0.158655,0.747507,0.952210
2.010000,0.052919,0.244390,0.106246,0.032975,0.977784,0.161087,0.748571,0.952540
2.020000,0.051864,0.246809,0.106008,0.032792,0.978308,0.163543,0.749632,0.952869
2.030000,0.050824,0.249228,0.105770,0.032609,0.978822,0.166023,0.750691,0.953196
2.040000,0.049800,0.251644,0.105531,0.032427,0.979325,0.168528,0.751748,0.953521
2.050000,0.048792,0.254059,0.105291,0.032246,0.979818,0.171056,0.752802,0.953845
2.060000,0.047800,0.256471,0.105051,0.032066,0.980301,0.173609,0.753854,0.954166
2.070000,0.046823,0.258881,0.104811,0.031886,0.980774,0.176186,0.754903,0.954486
2.080000,0.045861,0.261286,0.104569,0.031706,0.981237,0.178786,0.755950,0.954804
2.090000,0.044915,0.263688,0.104327,0.031528,0.981691,0.181411,0.756994,0.955120
2.100000,0.043984,0.266085,0.104085,0.031350,0.982136,0.184060,0.758036,0.955435
2.110000,0.043067,0.268477,0.103841,0.031172,0.982571,0.186733,0.759076,0.955747
2.120000,0.042166,0.270864,0.103598,0.030996,0.982997,0.189430,0.760113,0.956058
2.130000,0.041280,0.273244,0.103353,0.030820,0.983414,0.192150,0.761148,0.956367
2.140000,0.040408,0.275618,0.103109,0.030644,0.983823,0.194895,0.762180,0.956674
2.150000,0.039550,0.277985,0.102863,0.030470,0.984222,0.197663,0.763210,0.956980
2.160000,0.038707,0.280344,0.102617,0.030296,0.984614,0.200454,0.764238,0.957284
2.170000,0.037878,0.282694,0.102371,0.030122,0.984997,0.203269,0.765262,0.957586
2.180000,0.037063,0.285036,0.102123,0.029950,0.985371,0.206108,0.766285,0.957886
2.190000,0.036262,0.287369,0.101876,0.029778,0.985738,0.208970,0.767305,0.958185
2.200000,0.035475,0.289692,0.101628,0.029606,0.986097,0.211855,0.768322,0.958482
2.210000,0.034701,0.292004,0.101379,0.029435,0.986447,0.214764,0.769337,0.958777
2.220000,0.033941,0.294305,0.101130,0.029265,0.986791,0.217695,0.770350,0.959070
2.230000,0.033194,0.296595,0.100880,0.029096,0.987126,0.220650,0.771360,0.959362
2.240000,0.032460,0.298872,0.100630,0.028927,0.987455,0.223627,0.772368,0.959652
2.250000,0.031740,0.301137,0.100379,0.028759,0.987776,0.226627,0.773373,0.959941
2.260000,0.031032,0.303389,0.100128,0.028592,0.988089,0.229650,0.774375,0.960228
2.270000,0.030337,0.305627,0.099876,0.028425,0.988396,0.232695,0.775375,0.960513
2.280000,0.029655,0.307851,0.099624,0.028259,0.988696,0.235762,0.776373,0.960796
2.290000,0.028985,0.310060,0.099372,0.028093,0.988989,0.238852,0.777368,0.961078
2.300000,0.028327,0.312254,0.099118,0.027929,0.989276,0.241964,0.778360,0.961358
2.310000,0.027682,0.314432,0.098865,0.027764,0.989556,0.245097,0.779350,0.961636
2.320000,0.027048,0.316593,0.098611,0.027601,0.989830,0.248252,0.780337,0.961913
2.330000,0.026426,0.318737,0.098357,0.027438,0.990097,0.251429,0.781322,0.962188
2.340000,0.025817,0.320864,0.098102,0.027276,0.990358,0.254627,0.782305,0.962462
2.350000,0.025218,0.322972,0.097846,0.027114,0.990613,0.257846,0.783284,0.962734
2.360000,0.024631,0.325062,0.097591,0.026954,0.990863,0.261086,0.784261,0.963004
2.370000,0.024056,0.327133,0.097335,0.026793,0.991106,0.264347,0.785236,0.963273
2.380000,0.023491,0.329184,0.097078,0.026634,0.991344,0.267629,0.786208,0.963540
2.390000,0.022937,0.331215,0.096821,0.026475,0.991576,0.270931,0.787178,0.963806
2.400000,0.022395,0.333225,0.096564,0.026317,0.991802,0.274253,0.788145,0.964070
2.410000,0.021862,0.335213,0.096306,0.026159,0.992024,0.277595,0.789109,0.964332
2.420000,0.021341,0.337180,0.096048,0.026002,0.992240,0.280957,0.790071,0.964593
2.430000,0.020829,0.339124,0.095790,0.025846,0.992451,0.284339,0.791030,0.964852
2.440000,0.020328,0.341046,0.095531,0.025690,0.992656,0.287740,0.791987,0.965110
2.450000,0.019837,0.342944,0.095272,0.025535,0.992857,0.291160,0.792941,0.965366
2.460000,0.019356,0.344818,0.095012,0.025381,0.993053,0.294599,0.793892,0.965620
2.470000,0.018885,0.346668,0.094752,0.025227,0.993244,0.298056,0.794841,0.965874
2.480000,0.018423,0.348493,0.094492,0.025074,0.993431,0.301532,0.795787,0.966125
2.490000,0.017971,0.350292,0.094231,0.024922,0.993613,0.305026,0.796731,0.966375
2.500000,0.017528,0.352065,0.093971,0.024770,0.993790,0.308538,0.797672,0.966623
2.510000,0.017095,0.353812,0.093709,0.024619,0.993963,0.312067,0.798610,0.966870
2.520000,0.016670,0.355533,0.093448,0.024469,0.994132,0.315614,0.799546,0.967116
2.530000,0.016254,0.357225,0.093186,0.024319,0.994297,0.319178,0.800479,0.967360
2.540000,0.015848,0.358890,0.092924,0.024170,0.994457,0.322758,0.801410,0.967602
2.550000,0.015449,0.360527,0.092662,0.024022,0.994614,0.326355,0.802337,0.967843
2.560000,0.015060,0.362135,0.092399,0.023874,0.994766,0.329969,0.803263,0.968083
2.570000,0.014678,0.363714,0.092136,0.023727,0.994915,0.333598,0.804185,0.968321
2.580000,0.014305,0.365263,0.091873,0.023580,0.995060,0.337243,0.805105,0.968557
2.590000,0.013940,0.366782,0.091609,0.023434,0.995201,0.340903,0.806023,0.968792
2.600000,0.013583,0.368270,0.091345,0.023289,0.995339,0.344578,0.806938,0.969026
2.610000,0.013234,0.369728,0.091081,0.023144,0.995473,0.348268,0.807850,0.969258
2.620000,0.012892,0.371154,0.090817,0.023000,0.995604,0.351973,0.808759,0.969489
2.630000,0.012558,0.372548,0.090553,0.022857,0.995731,0.355691,0.809666,0.969718
2.640000,0.012232,0.373911,0.090288,0.022715,0.995855,0.359424,0.810570,0.969946
2.650000,0.011912,0.375240,0.090023,0.022572,0.995975,0.363169,0.811472,0.970172
2.660000,0.011600,0.376537,0.089758,0.022431,0.996093,0.366928,0.812371,0.970397
2.670000,0.011295,0.377801,0.089492,0.022290,0.996207,0.370700,0.813267,0.970621
2.680000,0.010997,0.379031,0.089227,0.022150,0.996319,0.374484,0.814161,0.970843
2.690000,0.010706,0.380226,0.088961,0.022011,0.996427,0.378280,0.815052,0.971064
2.700000,0.010421,0.381388,0.088695,0.021872,0.996533,0.382089,0.815940,0.971283
2.710000,0.010143,0.382515,0.088429,0.021734,0.996636,0.385908,0.816825,0.971501
2.720000,0.009871,0.383606,0.088163,0.021596,0.996736,0.389739,0.817708,0.971718
2.730000,0.009606,0.384663,0.087896,0.021459,0.996833,0.393580,0.818589,0.971933
2.740000,0.009347,0.385683,0.087629,0.021323,0.996928,0.397432,0.819466,0.972147
2.750000,0.009094,0.386668,0.087362,0.021187,0.997020,0.401294,0.820341,0.972360
2.760000,0.008846,0.387617,0.087095,0.021052,0.997110,0.405165,0.821214,0.972571
2.770000,0.008605,0.388529,0.086828,0.020918,0.997197,0.409046,0.822083,0.972781
2.780000,0.008370,0.389404,0.086561,0.020784,0.997282,0.412936,0.822950,0.972989
2.790000,0.008140,0.390242,0.086294,0.020651,0.997365,0.416834,0.823814,0.973197
2.800000,0.007915,0.391043,0.086026,0.020518,0.997445,0.420740,0.824676,0.973402
2.810000,0.007697,0.391806,0.085758,0.020386,0.997523,0.424655,0.825535,0.973607
2.820000,0.007483,0.392531,0.085490,0.020255,0.997599,0.428576,0.826391,0.973810
2.830000,0.007274,0.393219,0.085223,0.020124,0.997673,0.432505,0.827245,0.974012
2.840000,0.007071,0.393868,0.084954,0.019994,0.997744,0.436441,0.828096,0.974213
2.850000,0.006873,0.394479,0.084686,0.019865,0.997814,0.440382,0.828944,0.974412
2.860000,0.006679,0.395052,0.084418,0.019736,0.997882,0.444330,0.829789,0.974610
2.870000,0.006491,0.395585,0.084150,0.019608,0.997948,0.448283,0.830632,0.974807
2.880000,0.006307,0.396080,0.083881,0.019480,0.998012,0.452242,0.831472,0.975002
2.890000,0.006127,0.396536,0.083613,0.019353,0.998074,0.456205,0.832310,0.975196
2.900000,0.005953,0.396953,0.083344,0.019227,0.998134,0.460172,0.833145,0.975389
2.910000,0.005782,0.397330,0.083076,0.019101,0.998193,0.464144,0.833977,0.975581
2.920000,0.005616,0.397668,0.082807,0.018976,0.998250,0.468119,0.834806,0.975771
2.930000,0.005454,0.397966,0.082539,0.018852,0.998305,0.472097,0.835633,0.975960
2.940000,0.005296,0.398225,0.082270,0.018728,0.998359,0.476078,0.836457,0.976148
2.950000,0.005143,0.398444,0.082001,0.018604,0.998411,0.480061,0.837278,0.976335
2.960000,0.004993,0.398623,0.081732,0.018482,0.998462,0.484047,0.838097,0.976520
2.970000,0.004847,0.398763,0.081463,0.018360,0.998511,0.488034,0.838913,0.976705
2.980000,0.004705,0.398862,0.081195,0.018238,0.998559,0.492022,0.839726,0.976888
2.990000,0.004567,0.398922,0.080926,0.018117,0.998605,0.496011,0.840537,0.977069
