-2.990000,0.004567,0.000000,0.080926,0.132980,0.001395,0.000000,0.159463,0.501330,0.742055,-1.063523,0.080926,0.132980
-2.980000,0.004705,0.000000,0.081195,0.132978,0.001441,0.000000,0.160274,0.502660,-0.362459,-1.314196,0.081195,0.132978
-2.970000,0.004847,0.000000,0.081463,0.132974,0.001489,0.000000,0.161087,0.503989,-0.838883,-1.732702,0.081463,0.132974
-2.960000,0.004993,0.000000,0.081732,0.132969,0.001538,0.000000,0.161903,0.505319,1.184015,-0.802662,0.081732,0.132969
-2.950000,0.005143,0.000000,0.082001,0.132962,0.001589,0.000000,0.162722,0.506649,1.083573,-1.685975,0.082001,0.132962
-2.940000,0.005296,0.000000,0.082270,0.132954,0.001641,0.000000,0.163543,0.507978,-0.573268,-1.126322,0.082270,0.132954
-2.930000,0.005454,0.000000,0.082539,0.132945,0.001695,0.000000,0.164367,0.509308,-0.881315,-0.081420,0.082539,0.132945
-2.920000,0.005616,0.000000,0.082807,0.132933,0.001750,0.000000,0.165194,0.510637,1.836643,-3.713160,0.082807,0.132933
-2.910000,0.005782,0.000000,0.083076,0.132921,0.001807,0.000000,0.166023,0.511966,-0.379934,0.325176,0.083076,0.132921
-2.900000,0.005953,0.000000,0.083344,0.132907,0.001866,0.000000,0.166855,0.513296,-0.879203,-2.746939,0.083344,0.132907
-2.890000,0.006127,0.000000,0.083613,0.132891,0.001926,0.000000,0.167690,0.514625,-0.187680,-1.192164,0.083613,0.132891
-2.880000,0.006307,0.000000,0.083881,0.132874,0.001988,0.000000,0.168528,0.515953,0.953690,-1.249237,0.083881,0.132874
-2.870000,0.006491,0.000000,0.084150,0.132856,0.002052,0.000000,0.169368,0.517282,-0.036683,-3.638010,0.084150,0.132856
-2.860000,0.006679,0.000000,0.084418,0.132836,0.002118,0.000000,0.170211,0.518611,0.059401,-0.943574,0.084418,0.132836
-2.850000,0.006873,0.000000,0.084686,0.132815,0.002186,0.000000,0.171056,0.519939,-0.486245,-3.330252,0.084686,0.132815
-2.840000,0.007071,0.000000,0.084954,0.132792,0.002256,0.000000,0.171904,0.521267,0.837019,-3.549540,0.084954,0.132792
-2.830000,0.007274,0.000000,0.085223,0.132767,0.002327,0.000000,0.172755,0.522595,-2.646204,-4.047973,0.085223,0.132767
-2.820000,0.007483,0.000000,0.085490,0.132742,0.002401,0.000000,0.173609,0.523922,-1.115348,-1.297161,0.085490,0.132742
-2.810000,0.007697,0.000000,0.085758,0.132714,0.002477,0.000000,0.174465,0.525249,-0.724024,-3.602298,0.085758,0.132714
-2.800000,0.007915,0.000000,0.086026,0.132686,0.002555,0.000000,0.175324,0.526576,-0.785483,-1.821961,0.086026,0.132686
-2.790000,0.008140,0.000000,0.086294,0.132655,0.002635,0.000000,0.176186,0.527903,0.642114,-0.837725,0.086294,0.132655
-2.780000,0.008370,0.000000,0.086561,0.132624,0.002718,0.000000,0.177050,0.529230,0.500056,-4.710488,0.086561,0.132624
-2.770000,0.008605,0.000000,0.086828,0.132591,0.002803,0.000000,0.177917,0.530556,1.939892,-3.805725,0.086828,0.132591
-2.760000,0.008846,0.000000,0.087095,0.132556,0.002890,0.000000,0.178786,0.531881,0.993982,-2.583033,0.087095,0.132556
-2.750000,0.009094,0.000000,0.087362,0.132520,0.002980,0.000000,0.179659,0.533207,-1.609199,-1.302681,0.087362,0.132520
-2.740000,0.009347,0.000000,0.087629,0.132482,0.003072,0.000000,0.180534,0.534532,0.153149,-0.107809,0.087629,0.132482
-2.730000,0.009606,0.000000,0.087896,0.132443,0.003167,0.000000,0.181411,0.535856,-0.060138,-2.992869,0.087896,0.132443
-2.720000,0.009871,0.000000,0.088163,0.132403,0.003264,0.000000,0.182292,0.537181,0.596154,-1.737278,0.088163,0.132403
-2.710000,0.010143,0.000000,0.088429,0.132361,0.003364,0.000000,0.183175,0.538504,-0.997141,-2.240827,0.088429,0.132361
-2.700000,0.010421,0.000000,0.088695,0.132318,0.003467,0.000000,0.184060,0.539828,0.466656,-2.734433,0.088695,0.132318
-2.690000,0.010706,0.000000,0.088961,0.132273,0.003573,0.000000,0.184948,0.541151,0.496431,-2.100858,0.088961,0.132273
-2.680000,0.010997,0.000000,0.089227,0.132226,0.003681,0.000000,0.185839,0.542473,0.397224,-2.582499,0.089227,0.132226
-2.670000,0.011295,0.000000,0.089492,0.132179,0.003793,0.000000,0.186733,0.543795,0.137049,-0.630139,0.089492,0.132179
-2.660000,0.011600,0.000000,0.089758,0.132129,0.003907,0.000000,0.187629,0.545117,1.177689,-1.027503,0.089758,0.132129
-2.650000,0.011912,0.000000,0.090023,0.132079,0.004025,0.000000,0.188528,0.546438,-0.475948,-2.582502,0.090023,0.132079
-2.640000,0.012232,0.000000,0.090288,0.132027,0.004145,0.000000,0.189430,0.547758,1.434791,-1.209108,0.090288,0.132027
-2.630000,0.012558,0.000000,0.090553,0.131973,0.004269,0.000000,0.190334,0.549078,1.492308,1.363358,0.090553,0.131973
-2.620000,0.012892,0.000000,0.090817,0.131918,0.004396,0.000000,0.191241,0.550398,-0.371242,-2.969392,0.090817,0.131918
-2.610000,0.013234,0.000000,0.091081,0.131862,0.004527,0.000000,0.192150,0.551717,-0.529805,-2.051845,0.091081,0.131862
-2.600000,0.013583,0.000000,0.091345,0.131804,0.004661,0.000000,0.193062,0.553035,0.441476,-4.489106,0.091345,0.131804
-2.590000,0.013940,0.000000,0.091609,0.131745,0.004799,0.000000,0.193977,0.554353,-0.302276,-1.892062,0.091609,0.131745
-2.580000,0.014305,0.000000,0.091873,0.131684,0.004940,0.000000,0.194895,0.555670,-0.566876,-1.325350,0.091873,0.131684
-2.570000,0.014678,0.000000,0.092136,0.131622,0.005085,0.000000,0.195815,0.556987,-0.146012,-2.291255,0.092136,0.131622
-2.560000,0.015060,0.000000,0.092399,0.131558,0.005234,0.000000,0.196737,0.558302,0.210974,-1.098267,0.092399,0.131558
-2.550000,0.015449,0.000000,0.092662,0.131493,0.005386,0.000000,0.197663,0.559618,-0.367330,-2.192735,0.092662,0.131493
-2.540000,0.015848,0.000000,0.092924,0.131427,0.005543,0.000000,0.198590,0.560932,0.449688,-4.554299,0.092924,0.131427
-2.530000,0.016254,0.000000,0.093186,0.131359,0.005703,0.000000,0.199521,0.562246,0.431664,-3.933204,0.093186,0.131359
-2.520000,0.016670,0.000000,0.093448,0.131289,0.005868,0.000000,0.200454,0.563559,0.344017,-3.157917,0.093448,0.131289
-2.510000,0.017095,0.000000,0.093709,0.131219,0.006037,0.000000,0.201390,0.564872,-0.379571,-1.944725,0.093709,0.131219
-2.500000,0.017528,0.000000,0.093971,0.131147,0.006210,0.000000,0.202328,0.566184,1.309445,-1.386145,0.093971,0.131147
-2.490000,0.017971,0.000000,0.094231,0.131073,0.006387,0.000000,0.203269,0.567495,2.297408,-2.623787,0.094231,0.131073
-2.480000,0.018423,0.000000,0.094492,0.130998,0.006569,0.000000,0.204213,0.568805,1.656684,-3.894784,0.094492,0.130998
-2.470000,0.018885,0.000000,0.094752,0.130922,0.006756,0.000000,0.205159,0.570115,1.834666,-1.163634,0.094752,0.130922
-2.460000,0.019356,0.000000,0.095012,0.130844,0.006947,0.000000,0.206108,0.571424,-1.606971,-2.408924,0.095012,0.130844
-2.450000,0.019837,0.000000,0.095272,0.130765,0.007143,0.000000,0.207059,0.572732,-0.470650,-2.521918,0.095272,0.130765
-2.440000,0.020328,0.000000,0.095531,0.130684,0.007344,0.000000,0.208013,0.574039,0.361357,-1.168880,0.095531,0.130684
-2.430000,0.020829,0.000000,0.095790,0.130602,0.007549,0.000000,0.208970,0.575345,-1.151717,-1.896246,0.095790,0.130602
-2.420000,0.021341,0.000000,0.096048,0.130519,0.007760,0.000000,0.209929,0.576651,-0.013525,-2.267291,0.096048,0.130519
-2.410000,0.021862,0.000000,0.096306,0.130434,0.007976,0.000000,0.210891,0.577956,0.368659,-4.104084,0.096306,0.130434
-2.400000,0.022395,0.000000,0.096564,0.130348,0.008198,0.000000,0.211855,0.579260,0.062241,-2.357818,0.096564,0.130348
-2.390000,0.022937,0.000000,0.096821,0.130260,0.008424,0.000000,0.212822,0.580563,-1.488446,-2.355711,0.096821,0.130260
-2.380000,0.023491,0.000000,0.097078,0.130171,0.008656,0.000000,0.213792,0.581865,-0.720254,-0.887330,0.097078,0.130171
-2.370000,0.024056,0.000000,0.097335,0.130081,0.008894,0.000000,0.214764,0.583166,2.045433,-1.642536,0.097335,0.130081
-2.360000,0.024631,0.000000,0.097591,0.129989,0.009137,0.000000,0.215739,0.584467,-0.434900,-1.563324,0.097591,0.129989
-2.350000,0.025218,0.000000,0.097846,0.129896,0.009387,0.000000,0.216716,0.585766,0.916164,-4.102285,0.097846,0.129896
-2.340000,0.025817,0.000000,0.098102,0.129801,0.009642,0.000000,0.217695,0.587064,0.907405,-1.107808,0.098102,0.129801
-2.330000,0.026426,0.000000,0.098357,0.129705,0.009903,0.000000,0.218678,0.588362,-0.689418,-1.692038,0.098357,0.129705
-2.320000,0.027048,0.000000,0.098611,0.129608,0.010170,0.000000,0.219663,0.589659,-0.515369,-1.881458,0.098611,0.129608
-2.310000,0.027682,0.000000,0.098865,0.129510,0.010444,0.000000,0.220650,0.590954,0.898201,-0.086179,0.098865,0.129510
-2.300000,0.028327,0.000000,0.099118,0.129410,0.010724,0.000000,0.221640,0.592249,0.727672,-2.723735,0.099118,0.129410
-2.290000,0.028985,0.000000,0.099372,0.129308,0.011011,0.000000,0.222632,0.593542,0.928903,-2.598564,0.099372,0.129308
-2.280000,0.029655,0.000000,0.099624,0.129206,0.011304,0.000000,0.223627,0.594835,0.457771,-2.593132,0.099624,0.129206
-2.270000,0.030337,0.000000,0.099876,0.129101,0.011604,0.000000,0.224625,0.596126,-0.571501,-1.860955,0.099876,0.129101
-2.260000,0.031032,0.000000,0.100128,0.128996,0.011911,0.000000,0.225625,0.597417,0.456159,-1.763841,0.100128,0.128996
-2.250000,0.031740,0.000000,0.100379,0.128889,0.012224,0.000000,0.226627,0.598706,0.179223,-1.463275,0.100379,0.128889
-2.240000,0.032460,0.000000,0.100630,0.128781,0.012545,0.000000,0.227632,0.599995,0.091319,-0.227506,0.100630,0.128781
-2.230000,0.033194,0.000000,0.100880,0.128672,0.012874,0.000000,0.228640,0.601282,-0.785730,-2.046829,0.100880,0.128672
-2.220000,0.033941,0.000000,0.101130,0.128561,0.013209,0.000000,0.229650,0.602568,-0.712215,-3.149425,0.101130,0.128561
-2.210000,0.034701,0.000001,0.101379,0.128449,0.013553,0.000000,0.230663,0.603853,-1.957478,-0.767381,0.101379,0.128449
-2.200000,0.035475,0.000001,0.101628,0.128336,0.013903,0.000000,0.231678,0.605137,-0.556059,-2.641069,0.101628,0.128336
-2.190000,0.036262,0.000001,0.101876,0.128221,0.014262,0.000000,0.232695,0.606420,-0.672985,-4.003521,0.101876,0.128221
-2.180000,0.037063,0.000001,0.102123,0.128105,0.014629,0.000000,0.233715,0.607702,-0.666455,-2.034262,0.102123,0.128105
-2.170000,0.037878,0.000001,0.102371,0.127987,0.015003,0.000000,0.234738,0.608982,-1.399356,-2.804247,0.102371,0.127987
-2.160000,0.038707,0.000001,0.102617,0.127869,0.015386,0.000000,0.235762,0.610261,-0.683841,-2.380679,0.102617,0.127869
-2.150000,0.039550,0.000001,0.102863,0.127749,0.015778,0.000000,0.236790,0.611539,0.965500,-3.185561,0.102863,0.127749
-2.140000,0.040408,0.000001,0.103109,0.127627,0.016177,0.000000,0.237820,0.612816,0.149786,-2.057655,0.103109,0.127627
-2.130000,0.041280,0.000001,0.103353,0.127505,0.016586,0.000000,0.238852,0.614092,1.259469,-3.279553,0.103353,0.127505
-2.120000,0.042166,0.000001,0.103598,0.127381,0.017003,0.000000,0.239887,0.615366,0.396182,-3.520430,0.103598,0.127381
-2.110000,0.043067,0.000001,0.103841,0.127256,0.017429,0.000000,0.240924,0.616639,-0.540915,-1.731423,0.103841,0.127256
-2.100000,0.043984,0.000001,0.104085,0.127129,0.017864,0.000000,0.241964,0.617911,-0.364614,-1.174058,0.104085,0.127129
-2.090000,0.044915,0.000001,0.104327,0.127002,0.018309,0.000000,0.243006,0.619182,-0.390237,-0.734200,0.104327,0.127002
-2.080000,0.045861,0.000001,0.104569,0.126872,0.018763,0.000000,0.244050,0.620451,-0.459610,-1.139642,0.104569,0.126872
-2.070000,0.046823,0.000001,0.104811,0.126742,0.019226,0.000000,0.245097,0.621720,-0.327850,-2.228321,0.104811,0.126742
-2.060000,0.047800,0.000001,0.105051,0.126611,0.019699,0.000000,0.246146,0.622986,0.004628,0.348160,0.105051,0.126611
-2.050000,0.048792,0.000001,0.105291,0.126478,0.020182,0.000000,0.247198,0.624252,0.037951,-2.215202,0.105291,0.126478
-2.040000,0.049800,0.000001,0.105531,0.126344,0.020675,0.000000,0.248252,0.625516,-0.204471,-2.122864,0.105531,0.126344
-2.030000,0.050824,0.000001,0.105770,0.126208,0.021178,0.000000,0.249309,0.626779,-0.306065,-2.719783,0.105770,0.126208
-2.020000,0.051864,0.000001,0.106008,0.126071,0.021692,0.000000,0.250368,0.628040,-0.683664,-2.521758,0.106008,0.126071
-2.010000,0.052919,0.000001,0.106246,0.125934,0.022216,0.000000,0.251429,0.629300,1.144982,-1.757776,0.106246,0.125934
-2.000000,0.053991,0.000001,0.106483,0.125794,0.022750,0.000000,0.252493,0.630559,0.035313,-1.817206,0.106483,0.125794
-1.990000,0.055079,0.000002,0.106719,0.125654,0.023295,0.000000,0.253559,0.631816,-0.274574,0.295251,0.106719,0.125654
-1.980000,0.056183,0.000002,0.106955,0.125512,0.023852,0.000000,0.254627,0.633072,-1.421401,-1.367015,0.106955,0.125512
-1.970000,0.057304,0.000002,0.107190,0.125370,0.024419,0.000000,0.255698,0.634326,1.127884,-1.210490,0.107190,0.125370
-1.960000,0.058441,0.000002,0.107424,0.125225,0.024998,0.000000,0.256771,0.635579,0.003767,-1.848618,0.107424,0.125225
-1.950000,0.059595,0.000002,0.107657,0.125080,0.025588,0.000000,0.257846,0.636831,0.056559,-2.604844,0.107657,0.125080
-1.940000,0.060765,0.000002,0.107890,0.124934,0.026190,0.000000,0.258924,0.638081,-1.828406,-2.522310,0.107890,0.124934
-1.930000,0.061952,0.000002,0.108123,0.124786,0.026803,0.000000,0.260004,0.639329,-2.022230,-0.691718,0.108123,0.124786
-1.920000,0.063157,0.000002,0.108354,0.124637,0.027429,0.000000,0.261086,0.640576,0.255277,-1.542676,0.108354,0.124637
-1.910000,0.064378,0.000002,0.108585,0.124487,0.028067,0.000000,0.262171,0.641822,1.604418,0.164626,0.108585,0.124487
-1.900000,0.065616,0.000002,0.108815,0.124335,0.028717,0.000000,0.263258,0.643066,0.060769,-1.162638,0.108815,0.124335
-1.890000,0.066871,0.000003,0.109044,0.124183,0.029379,0.000001,0.264347,0.644309,0.547464,-3.912168,0.109044,0.124183
-1.880000,0.068144,0.000003,0.109273,0.124029,0.030054,0.000001,0.265439,0.645550,-0.250388,-1.897535,0.109273,0.124029
-1.870000,0.069433,0.000003,0.109501,0.123874,0.030742,0.000001,0.266533,0.646789,0.210669,-3.322414,0.109501,0.123874
-1.860000,0.070740,0.000003,0.109728,0.123718,0.031443,0.000001,0.267629,0.648027,-0.418621,-1.016298,0.109728,0.123718
-1.850000,0.072065,0.000003,0.109954,0.123561,0.032157,0.000001,0.268727,0.649264,0.599108,-2.565171,0.109954,0.123561
-1.840000,0.073407,0.000003,0.110180,0.123402,0.032884,0.000001,0.269828,0.650499,-0.396710,-2.748269,0.110180,0.123402
-1.830000,0.074766,0.000003,0.110405,0.123243,0.033625,0.000001,0.270931,0.651732,-0.642492,-1.147824,0.110405,0.123243
-1.820000,0.076143,0.000004,0.110629,0.123082,0.034380,0.000001,0.272036,0.652963,-0.519790,-1.001009,0.110629,0.123082
-1.810000,0.077538,0.000004,0.110852,0.122920,0.035148,0.000001,0.273143,0.654193,-0.987109,-1.350831,0.110852,0.122920
-1.800000,0.078950,0.000004,0.111075,0.122757,0.035930,0.000001,0.274253,0.655422,1.789263,-2.554681,0.111075,0.122757
-1.790000,0.080380,0.000004,0.111297,0.122592,0.036727,0.000001,0.275365,0.656648,0.679761,-1.237064,0.111297,0.122592
-1.780000,0.081828,0.000004,0.111518,0.122427,0.037538,0.000001,0.276479,0.657874,1.209295,-2.479363,0.111518,0.122427
-1.770000,0.083293,0.000005,0.111738,0.122261,0.038364,0.000001,0.277595,0.659097,-1.413768,-2.306688,0.111738,0.122261
-1.760000,0.084776,0.000005,0.111957,0.122093,0.039204,0.000001,0.278714,0.660319,1.136356,-3.612312,0.111957,0.122093
-1.750000,0.086277,0.000005,0.112176,0.121924,0.040059,0.000001,0.279834,0.661539,-0.245265,-2.299685,0.112176,0.121924
-1.740000,0.087796,0.000005,0.112393,0.121754,0.040930,0.000001,0.280957,0.662757,0.605838,-2.747617,0.112393,0.121754
-1.730000,0.089333,0.000006,0.112610,0.121583,0.041815,0.000001,0.282082,0.663974,0.753963,-0.590621,0.112610,0.121583
-1.720000,0.090887,0.000006,0.112826,0.121411,0.042716,0.000001,0.283210,0.665189,1.029128,-1.752712,0.112826,0.121411
-1.710000,0.092459,0.000006,0.113041,0.121238,0.043633,0.000001,0.284339,0.666402,-0.443751,-3.401618,0.113041,0.121238
-1.700000,0.094049,0.000006,0.113256,0.121064,0.044565,0.000001,0.285470,0.667614,-3.177651,-3.008860,0.113256,0.121064
-1.690000,0.095657,0.000007,0.113469,0.120888,0.045514,0.000001,0.286604,0.668823,0.127083,0.350286,0.113469,0.120888
-1.680000,0.097282,0.000007,0.113682,0.120712,0.046479,0.000001,0.287740,0.670031,1.366495,-0.328447,0.113682,0.120712
-1.670000,0.098925,0.000007,0.113894,0.120534,0.047460,0.000002,0.288878,0.671238,-0.455566,-1.982608,0.113894,0.120534
-1.660000,0.100586,0.000008,0.114105,0.120355,0.048457,0.000002,0.290018,0.672442,-0.480735,-2.603727,0.114105,0.120355
-1.650000,0.102265,0.000008,0.114315,0.120176,0.049471,0.000002,0.291160,0.673645,0.983938,-2.515992,0.114315,0.120176
-1.640000,0.103961,0.000008,0.114524,0.119995,0.050503,0.000002,0.292304,0.674846,0.159170,-2.764305,0.114524,0.119995
-1.630000,0.105675,0.000009,0.114732,0.119813,0.051551,0.000002,0.293450,0.676045,-0.467350,-3.195903,0.114732,0.119813
-1.620000,0.107406,0.000009,0.114939,0.119630,0.052616,0.000002,0.294599,0.677242,-0.863634,-2.214021,0.114939,0.119630
-1.610000,0.109155,0.000010,0.115146,0.119446,0.053699,0.000002,0.295749,0.678437,0.974454,-2.857560,0.115146,0.119446
-1.600000,0.110921,0.000010,0.115351,0.119261,0.054799,0.000002,0.296901,0.679631,-0.271728,-0.259716,0.115351,0.119261
-1.590000,0.112704,0.000011,0.115556,0.119075,0.055917,0.000002,0.298056,0.680822,-0.689792,-2.698184,0.115556,0.119075
-1.580000,0.114505,0.000011,0.115760,0.118888,0.057053,0.000002,0.299213,0.682012,1.892742,-0.938285,0.115760,0.118888
-1.570000,0.116323,0.000012,0.115962,0.118700,0.058208,0.000002,0.300371,0.683200,1.934457,-2.333728,0.115962,0.118700
-1.560000,0.118157,0.000012,0.116164,0.118511,0.059380,0.000003,0.301532,0.684386,-0.072260,-1.086708,0.116164,0.118511
-1.550000,0.120009,0.000013,0.116365,0.118321,0.060571,0.000003,0.302694,0.685570,0.757397,-1.669697,0.116365,0.118321
-1.540000,0.121878,0.000013,0.116565,0.118130,0.061780,0.000003,0.303859,0.686753,-0.365840,-2.233523,0.116565,0.118130
-1.530000,0.123763,0.000014,0.116764,0.117937,0.063008,0.000003,0.305026,0.687933,-2.078135,-1.419679,0.116764,0.117937
-1.520000,0.125665,0.000015,0.116962,0.117744,0.064255,0.000003,0.306194,0.689111,0.760723,-2.176474,0.116962,0.117744
-1.510000,0.127583,0.000015,0.117159,0.117550,0.065522,0.000003,0.307365,0.690288,0.548950,-1.903473,0.117159,0.117550
-1.500000,0.129518,0.000016,0.117355,0.117355,0.066807,0.000003,0.308538,0.691462,0.867711,-2.325398,0.117355,0.117355
-1.490000,0.131468,0.000017,0.117550,0.117159,0.068112,0.000004,0.309712,0.692635,-1.025392,-0.044046,0.117550,0.117159
-1.480000,0.133435,0.000017,0.117744,0.116962,0.069437,0.000004,0.310889,0.693806,-1.250244,-4.026710,0.117744,0.116962
-1.470000,0.135418,0.000018,0.117937,0.116764,0.070781,0.000004,0.312067,0.694974,2.047202,-1.427019,0.117937,0.116764
-1.460000,0.137417,0.000019,0.118130,0.116565,0.072145,0.000004,0.313247,0.696141,0.096105,-3.259273,0.118130,0.116565
-1.450000,0.139431,0.000020,0.118321,0.116365,0.073529,0.000004,0.314430,0.697306,-0.492902,-1.050359,0.118321,0.116365
-1.440000,0.141460,0.000021,0.118511,0.116164,0.074934,0.000004,0.315614,0.698468,0.309825,-2.985424,0.118511,0.116164
-1.430000,0.143505,0.000022,0.118700,0.115962,0.076359,0.000005,0.316800,0.699629,-0.987581,-1.353418,0.118700,0.115962
-1.420000,0.145564,0.000023,0.118888,0.115760,0.077804,0.000005,0.317988,0.700787,0.110320,-0.635628,0.118888,0.115760
-1.410000,0.147639,0.000024,0.119075,0.115556,0.079270,0.000005,0.319178,0.701944,-1.157456,-1.748581,0.119075,0.115556
-1.400000,0.149727,0.000025,0.119261,0.115351,0.080757,0.000005,0.320369,0.703099,0.341031,-0.690555,0.119261,0.115351
-1.390000,0.151831,0.000026,0.119446,0.115146,0.082264,0.000006,0.321563,0.704251,0.615627,-1.116744,0.119446,0.115146
-1.380000,0.153948,0.000027,0.119630,0.114939,0.083793,0.000006,0.322758,0.705401,0.271177,-0.605896,0.119630,0.114939
-1.370000,0.156080,0.000028,0.119813,0.114732,0.085343,0.000006,0.323955,0.706550,-0.458978,-4.001387,0.119813,0.114732
-1.360000,0.158225,0.000030,0.119995,0.114524,0.086915,0.000007,0.325154,0.707696,2.128518,-1.135171,0.119995,0.114524
-1.350000,0.160383,0.000031,0.120176,0.114315,0.088508,0.000007,0.326355,0.708840,0.018904,-2.717659,0.120176,0.114315
-1.340000,0.162555,0.000032,0.120355,0.114105,0.090123,0.000007,0.327558,0.709982,-0.303542,-2.768696,0.120355,0.114105
-1.330000,0.164740,0.000034,0.120534,0.113894,0.091759,0.000007,0.328762,0.711122,-0.029713,-3.160726,0.120534,0.113894
-1.320000,0.166937,0.000035,0.120712,0.113682,0.093418,0.000008,0.329969,0.712260,0.347503,-2.483207,0.120712,0.113682
-1.310000,0.169147,0.000037,0.120888,0.113469,0.095098,0.000008,0.331177,0.713396,0.853320,-1.744118,0.120888,0.113469
-1.300000,0.171369,0.000039,0.121064,0.113256,0.096800,0.000009,0.332386,0.714530,-0.538900,-1.087666,0.121064,0.113256
-1.290000,0.173602,0.000040,0.121238,0.113041,0.098525,0.000009,0.333598,0.715661,-0.229144,-0.392979,0.121238,0.113041
-1.280000,0.175847,0.000042,0.121411,0.112826,0.100273,0.000009,0.334811,0.716790,0.368018,-2.747330,0.121411,0.112826
-1.270000,0.178104,0.000044,0.121583,0.112610,0.102042,0.000010,0.336026,0.717918,0.884259,-1.396365,0.121583,0.112610
-1.260000,0.180371,0.000046,0.121754,0.112393,0.103835,0.000010,0.337243,0.719043,1.319370,-2.467486,0.121754,0.112393
-1.250000,0.182649,0.000048,0.121924,0.112176,0.105650,0.000011,0.338461,0.720166,-1.109691,-0.947610,0.121924,0.112176
-1.240000,0.184937,0.000050,0.122093,0.111957,0.107488,0.000011,0.339681,0.721286,0.331003,-2.544978,0.122093,0.111957
-1.230000,0.187235,0.000052,0.122261,0.111738,0.109349,0.000012,0.340903,0.722405,-1.327701,-2.612366,0.122261,0.111738
-1.220000,0.189543,0.000054,0.122427,0.111518,0.111232,0.000012,0.342126,0.723521,1.048840,-2.706882,0.122427,0.111518
-1.210000,0.191860,0.000057,0.122592,0.111297,0.113139,0.000013,0.343352,0.724635,0.307447,-1.644873,0.122592,0.111297
-1.200000,0.194186,0.000059,0.122757,0.111075,0.115070,0.000013,0.344578,0.725747,1.233401,-1.163855,0.122757,0.111075
-1.190000,0.196520,0.000061,0.122920,0.110852,0.117023,0.000014,0.345807,0.726857,1.859242,-1.789795,0.122920,0.110852
-1.180000,0.198863,0.000064,0.123082,0.110629,0.119000,0.000015,0.347037,0.727964,-1.255918,-3.097405,0.123082,0.110629
-1.170000,0.201214,0.000067,0.123243,0.110405,0.121000,0.000015,0.348268,0.729069,-1.380500,-2.262619,0.123243,0.110405
-1.160000,0.203571,0.000070,0.123402,0.110180,0.123024,0.000016,0.349501,0.730172,-0.828812,-3.391161,0.123402,0.110180
-1.150000,0.205936,0.000073,0.123561,0.109954,0.125072,0.000017,0.350736,0.731273,0.362345,-1.692648,0.123561,0.109954
-1.140000,0.208308,0.000076,0.123718,0.109728,0.127143,0.000017,0.351973,0.732371,-0.948444,-1.724864,0.123718,0.109728
-1.130000,0.210686,0.000079,0.123874,0.109501,0.129238,0.000018,0.353211,0.733467,0.270928,-2.477223,0.123874,0.109501
-1.120000,0.213069,0.000082,0.124029,0.109273,0.131357,0.000019,0.354450,0.734561,0.897500,-1.743188,0.124029,0.109273
-1.110000,0.215458,0.000086,0.124183,0.109044,0.133500,0.000020,0.355691,0.735653,0.409153,-3.867615,0.124183,0.109044
-1.100000,0.217852,0.000089,0.124335,0.108815,0.135666,0.000021,0.356934,0.736742,-0.698953,-3.643403,0.124335,0.108815
-1.090000,0.220251,0.000093,0.124487,0.108585,0.137857,0.000022,0.358178,0.737829,-0.191186,-0.982732,0.124487,0.108585
-1.080000,0.222653,0.000097,0.124637,0.108354,0.140071,0.000023,0.359424,0.738914,-0.161755,-1.964636,0.124637,0.108354
-1.070000,0.225060,0.000101,0.124786,0.108123,0.142310,0.000024,0.360671,0.739996,0.079329,-2.610913,0.124786,0.108123
-1.060000,0.227470,0.000105,0.124934,0.107890,0.144572,0.000025,0.361919,0.741076,-0.766316,-1.638811,0.124934,0.107890
-1.050000,0.229882,0.000109,0.125080,0.107657,0.146859,0.000026,0.363169,0.742154,0.294074,-0.708001,0.125080,0.107657
-1.040000,0.232297,0.000114,0.125225,0.107424,0.149170,0.000027,0.364421,0.743229,0.010753,-0.617800,0.125225,0.107424
-1.030000,0.234714,0.000119,0.125370,0.107190,0.151505,0.000028,0.365674,0.744302,0.408449,-1.929395,0.125370,0.107190
-1.020000,0.237132,0.000124,0.125512,0.106955,0.153864,0.000029,0.366928,0.745373,-0.771740,-1.422429,0.125512,0.106955
-1.010000,0.239551,0.000129,0.125654,0.106719,0.156248,0.000030,0.368184,0.746441,1.204197,-2.789255,0.125654,0.106719
-1.000000,0.241971,0.000134,0.125794,0.106483,0.158655,0.000032,0.369441,0.747507,-3.115731,-1.258316,0.125794,0.106483
-0.990000,0.244390,0.000139,0.125934,0.106246,0.161087,0.000033,0.370700,0.748571,-0.400597,-1.586177,0.125934,0.106246
-0.980000,0.246809,0.000145,0.126071,0.106008,0.163543,0.000034,0.371960,0.749632,0.252771,-2.136327,0.126071,0.106008
-0.970000,0.249228,0.000151,0.126208,0.105770,0.166023,0.000036,0.373221,0.750691,-1.081480,-1.218756,0.126208,0.105770
-0.960000,0.251644,0.000157,0.126344,0.105531,0.168528,0.000037,0.374484,0.751748,1.963637,-2.594683,0.126344,0.105531
-0.950000,0.254059,0.000163,0.126478,0.105291,0.171056,0.000039,0.375748,0.752802,-0.385156,-1.921824,0.126478,0.105291
-0.940000,0.256471,0.000170,0.126611,0.105051,0.173609,0.000041,0.377014,0.753854,0.264045,-4.103941,0.126611,0.105051
-0.930000,0.258881,0.000177,0.126742,0.104811,0.176186,0.000042,0.378280,0.754903,-1.272744,-2.069899,0.126742,0.104811
-0.920000,0.261286,0.000184,0.126872,0.104569,0.178786,0.000044,0.379549,0.755950,-0.497273,-3.088972,0.126872,0.104569
-0.910000,0.263688,0.000191,0.127002,0.104327,0.181411,0.000046,0.380818,0.756994,-1.526839,-1.719460,0.127002,0.104327
-0.900000,0.266085,0.000199,0.127129,0.104085,0.184060,0.000048,0.382089,0.758036,-1.487162,-3.434058,0.127129,0.104085
-0.890000,0.268477,0.000207,0.127256,0.103841,0.186733,0.000050,0.383361,0.759076,1.054563,-2.589981,0.127256,0.103841
-0.880000,0.270864,0.000215,0.127381,0.103598,0.189430,0.000052,0.384634,0.760113,-1.002690,-1.458085,0.127381,0.103598
-0.870000,0.273244,0.000223,0.127505,0.103353,0.192150,0.000054,0.385908,0.761148,-1.699048,-1.823125,0.127505,0.103353
-0.860000,0.275618,0.000232,0.127627,0.103109,0.194895,0.000057,0.387184,0.762180,0.646022,-0.902703,0.127627,0.103109
-0.850000,0.277985,0.000241,0.127749,0.102863,0.197663,0.000059,0.388461,0.763210,-0.571828,-0.235954,0.127749,0.102863
-0.840000,0.280344,0.000251,0.127869,0.102617,0.200454,0.000062,0.389739,0.764238,-1.050124,-2.948329,0.127869,0.102617
-0.830000,0.282694,0.000260,0.127987,0.102371,0.203269,0.000064,0.391018,0.765262,-1.068655,-2.724124,0.127987,0.102371
-0.820000,0.285036,0.000271,0.128105,0.102123,0.206108,0.000067,0.392298,0.766285,0.128764,-1.952698,0.128105,0.102123
-0.810000,0.287369,0.000281,0.128221,0.101876,0.208970,0.000069,0.393580,0.767305,-1.127816,-0.353982,0.128221,0.101876
-0.800000,0.289692,0.000292,0.128336,0.101628,0.211855,0.000072,0.394863,0.768322,0.881269,-2.466991,0.128336,0.101628
-0.790000,0.292004,0.000303,0.128449,0.101379,0.214764,0.000075,0.396147,0.769337,-0.198072,-1.671697,0.128449,0.101379
-0.780000,0.294305,0.000315,0.128561,0.101130,0.217695,0.000078,0.397432,0.770350,1.215248,-3.000697,0.128561,0.101130
-0.770000,0.296595,0.000327,0.128672,0.100880,0.220650,0.000082,0.398718,0.771360,-3.013558,-0.930932,0.128672,0.100880
-0.760000,0.298872,0.000340,0.128781,0.100630,0.223627,0.000085,0.400005,0.772368,-0.942267,-0.262363,0.128781,0.100630
-0.750000,0.301137,0.000353,0.128889,0.100379,0.226627,0.000088,0.401294,0.773373,1.535747,-2.300124,0.128889,0.100379
-0.740000,0.303389,0.000366,0.128996,0.100128,0.229650,0.000092,0.402583,0.774375,0.471704,0.310756,0.128996,0.100128
-0.730000,0.305627,0.000380,0.129101,0.099876,0.232695,0.000096,0.403874,0.775375,-0.427652,-0.719810,0.129101,0.099876
-0.720000,0.307851,0.000394,0.129206,0.099624,0.235762,0.000100,0.405165,0.776373,0.967996,-1.879701,0.129206,0.099624
-0.710000,0.310060,0.000409,0.129308,0.099372,0.238852,0.000104,0.406458,0.777368,0.204889,-2.188501,0.129308,0.099372
-0.700000,0.312254,0.000425,0.129410,0.099118,0.241964,0.000108,0.407751,0.778360,1.692032,-0.902914,0.129410,0.099118
-0.690000,0.314432,0.000441,0.129510,0.098865,0.245097,0.000112,0.409046,0.779350,0.049588,-1.977298,0.129510,0.098865
-0.680000,0.316593,0.000457,0.129608,0.098611,0.248252,0.000117,0.410341,0.780337,-0.704575,-1.913224,0.129608,0.098611
-0.670000,0.318737,0.000474,0.129705,0.098357,0.251429,0.000121,0.411638,0.781322,-0.630296,-2.197389,0.129705,0.098357
-0.660000,0.320864,0.000492,0.129801,0.098102,0.254627,0.000126,0.412936,0.782305,-1.756300,-3.020635,0.129801,0.098102
-0.650000,0.322972,0.000510,0.129896,0.097846,0.257846,0.000131,0.414234,0.783284,0.248473,-2.703243,0.129896,0.097846
-0.640000,0.325062,0.000529,0.129989,0.097591,0.261086,0.000136,0.415533,0.784261,0.040331,0.085286,0.129989,0.097591
-0.630000,0.327133,0.000549,0.130081,0.097335,0.264347,0.000142,0.416834,0.785236,-0.724451,-1.474002,0.130081,0.097335
-0.620000,0.329184,0.000569,0.130171,0.097078,0.267629,0.000147,0.418135,0.786208,0.005025,-1.686023,0.130171,0.097078
-0.610000,0.331215,0.000590,0.130260,0.096821,0.270931,0.000153,0.419437,0.787178,-0.682855,-1.786856,0.130260,0.096821
-0.600000,0.333225,0.000612,0.130348,0.096564,0.274253,0.000159,0.420740,0.788145,1.351815,-1.788368,0.130348,0.096564
-0.590000,0.335213,0.000634,0.130434,0.096306,0.277595,0.000165,0.422044,0.789109,0.020551,-2.396528,0.130434,0.096306
-0.580000,0.337180,0.000657,0.130519,0.096048,0.280957,0.000172,0.423349,0.790071,-0.869435,-3.295727,0.130519,0.096048
-0.570000,0.339124,0.000681,0.130602,0.095790,0.284339,0.000178,0.424655,0.791030,1.412682,-0.376965,0.130602,0.095790
-0.560000,0.341046,0.000706,0.130684,0.095531,0.287740,0.000185,0.425961,0.791987,-0.252506,-1.875275,0.130684,0.095531
-0.550000,0.342944,0.000732,0.130765,0.095272,0.291160,0.000193,0.427268,0.792941,0.781593,-3.932741,0.130765,0.095272
-0.540000,0.344818,0.000758,0.130844,0.095012,0.294599,0.000200,0.428576,0.793892,-0.173664,-3.598907,0.130844,0.095012
-0.530000,0.346668,0.000785,0.130922,0.094752,0.298056,0.000208,0.429885,0.794841,0.301360,-2.340186,0.130922,0.094752
-0.520000,0.348493,0.000814,0.130998,0.094492,0.301532,0.000216,0.431195,0.795787,-1.961492,-1.755730,0.130998,0.094492
-0.510000,0.350292,0.000843,0.131073,0.094231,0.305026,0.000224,0.432505,0.796731,-0.137069,-1.340013,0.131073,0.094231
-0.500000,0.352065,0.000873,0.131147,0.093971,0.308538,0.000233,0.433816,0.797672,0.697319,-3.103085,0.131147,0.093971
-0.490000,0.353812,0.000904,0.131219,0.093709,0.312067,0.000242,0.435128,0.798610,0.079324,-0.581959,0.131219,0.093709
-0.480000,0.355533,0.000936,0.131289,0.093448,0.315614,0.000251,0.436441,0.799546,-0.540654,-1.937027,0.131289,0.093448
-0.470000,0.357225,0.000969,0.131359,0.093186,0.319178,0.000260,0.437754,0.800479,0.157931,-1.848037,0.131359,0.093186
-0.460000,0.358890,0.001003,0.131427,0.092924,0.322758,0.000270,0.439068,0.801410,-0.135299,-1.474143,0.131427,0.092924
-0.450000,0.360527,0.001038,0.131493,0.092662,0.326355,0.000280,0.440382,0.802337,0.057313,-2.232178,0.131493,0.092662
-0.440000,0.362135,0.001075,0.131558,0.092399,0.329969,0.000291,0.441698,0.803263,-0.855904,-1.479539,0.131558,0.092399
-0.430000,0.363714,0.001112,0.131622,0.092136,0.333598,0.000302,0.443013,0.804185,-0.187130,-2.490315,0.131622,0.092136
-0.420000,0.365263,0.001151,0.131684,0.091873,0.337243,0.000313,0.444330,0.805105,0.600999,-1.745702,0.131684,0.091873
-0.410000,0.366782,0.001191,0.131745,0.091609,0.340903,0.000325,0.445647,0.806023,3.514951,0.233629,0.131745,0.091609
-0.400000,0.368270,0.001232,0.131804,0.091345,0.344578,0.000337,0.446965,0.806938,-0.312308,-3.683185,0.131804,0.091345
-0.390000,0.369728,0.001275,0.131862,0.091081,0.348268,0.000349,0.448283,0.807850,-2.252660,-3.088937,0.131862,0.091081
-0.380000,0.371154,0.001319,0.131918,0.090817,0.351973,0.000362,0.449602,0.808759,0.970006,-1.936391,0.131918,0.090817
-0.370000,0.372548,0.001364,0.131973,0.090553,0.355691,0.000376,0.450922,0.809666,0.152974,-2.163925,0.131973,0.090553
-0.360000,0.373911,0.001411,0.132027,0.090288,0.359424,0.000390,0.452242,0.810570,-2.198617,-0.718965,0.132027,0.090288
-0.350000,0.375240,0.001459,0.132079,0.090023,0.363169,0.000404,0.453562,0.811472,-1.134459,-2.691154,0.132079,0.090023
-0.340000,0.376537,0.001508,0.132129,0.089758,0.366928,0.000419,0.454883,0.812371,0.744751,-3.215107,0.132129,0.089758
-0.330000,0.377801,0.001560,0.132179,0.089492,0.370700,0.000434,0.456205,0.813267,-1.025580,-1.574645,0.132179,0.089492
-0.320000,0.379031,0.001612,0.132226,0.089227,0.374484,0.000450,0.457527,0.814161,0.326546,-3.012732,0.132226,0.089227
-0.310000,0.380226,0.001667,0.132273,0.088961,0.378280,0.000466,0.458849,0.815052,-0.957693,-1.227667,0.132273,0.088961
-0.300000,0.381388,0.001723,0.132318,0.088695,0.382089,0.000483,0.460172,0.815940,-1.363708,0.268021,0.132318,0.088695
-0.290000,0.382515,0.001780,0.132361,0.088429,0.385908,0.000501,0.461496,0.816825,0.658757,-2.519305,0.132361,0.088429
-0.280000,0.383606,0.001840,0.132403,0.088163,0.389739,0.000519,0.462819,0.817708,-1.821457,-2.622770,0.132403,0.088163
-0.270000,0.384663,0.001901,0.132443,0.087896,0.393580,0.000538,0.464144,0.818589,-0.528896,-1.786823,0.132443,0.087896
-0.260000,0.385683,0.001964,0.132482,0.087629,0.397432,0.000557,0.465468,0.819466,0.259475,-1.763402,0.132482,0.087629
-0.250000,0.386668,0.002029,0.132520,0.087362,0.401294,0.000577,0.466793,0.820341,0.353914,-3.483134,0.132520,0.087362
-0.240000,0.387617,0.002096,0.132556,0.087095,0.405165,0.000598,0.468119,0.821214,-2.518821,-2.108622,0.132556,0.087095
-0.230000,0.388529,0.002165,0.132591,0.086828,0.409046,0.000619,0.469444,0.822083,-1.894784,-1.873651,0.132591,0.086828
-0.220000,0.389404,0.002236,0.132624,0.086561,0.412936,0.000641,0.470770,0.822950,0.668732,-0.272821,0.132624,0.086561
-0.210000,0.390242,0.002309,0.132655,0.086294,0.416834,0.000664,0.472097,0.823814,-0.368881,-1.555164,0.132655,0.086294
-0.200000,0.391043,0.002384,0.132686,0.086026,0.420740,0.000687,0.473424,0.824676,0.367727,-3.809587,0.132686,0.086026
-0.190000,0.391806,0.002461,0.132714,0.085758,0.424655,0.000711,0.474751,0.825535,0.625460,-3.625344,0.132714,0.085758
-0.180000,0.392531,0.002541,0.132742,0.085490,0.428576,0.000736,0.476078,0.826391,0.573655,-1.310276,0.132742,0.085490
-0.170000,0.393219,0.002623,0.132767,0.085223,0.432505,0.000762,0.477405,0.827245,-0.245842,-2.512673,0.132767,0.085223
-0.160000,0.393868,0.002707,0.132792,0.084954,0.436441,0.000789,0.478733,0.828096,1.127420,-1.121165,0.132792,0.084954
-0.150000,0.394479,0.002794,0.132815,0.084686,0.440382,0.000816,0.480061,0.828944,1.259600,-1.723329,0.132815,0.084686
-0.140000,0.395052,0.002884,0.132836,0.084418,0.444330,0.000845,0.481389,0.829789,0.291508,-2.201678,0.132836,0.084418
-0.130000,0.395585,0.002975,0.132856,0.084150,0.448283,0.000874,0.482718,0.830632,-0.756164,-3.506658,0.132856,0.084150
-0.120000,0.396080,0.003070,0.132874,0.083881,0.452242,0.000904,0.484047,0.831472,-0.247278,-1.371424,0.132874,0.083881
-0.110000,0.396536,0.003167,0.132891,0.083613,0.456205,0.000935,0.485375,0.832310,2.048164,-2.484865,0.132891,0.083613
-0.100000,0.396953,0.003267,0.132907,0.083344,0.460172,0.000968,0.486704,0.833145,-0.714674,-3.753750,0.132907,0.083344
-0.090000,0.397330,0.003370,0.132921,0.083076,0.464144,0.001001,0.488034,0.833977,-1.594127,-2.123706,0.132921,0.083076
-0.080000,0.397668,0.003475,0.132933,0.082807,0.468119,0.001035,0.489363,0.834806,0.689133,-0.308280,0.132933,0.082807
-0.070000,0.397966,0.003584,0.132945,0.082539,0.472097,0.001070,0.490692,0.835633,-2.244088,-1.895487,0.132945,0.082539
-0.060000,0.398225,0.003695,0.132954,0.082270,0.476078,0.001107,0.492022,0.836457,-1.188604,-1.187900,0.132954,0.082270
-0.050000,0.398444,0.003810,0.132962,0.082001,0.480061,0.001144,0.493351,0.837278,0.532525,-3.625304,0.132962,0.082001
-0.040000,0.398623,0.003928,0.132969,0.081732,0.484047,0.001183,0.494681,0.838097,-0.353823,-1.882049,0.132969,0.081732
-0.030000,0.398763,0.004049,0.132974,0.081463,0.488034,0.001223,0.496011,0.838913,-0.140081,-1.251869,0.132974,0.081463
-0.020000,0.398862,0.004173,0.132978,0.081195,0.492022,0.001264,0.497340,0.839726,-0.753031,-0.653150,0.132978,0.081195
-0.010000,0.398922,0.004301,0.132980,0.080926,0.496011,0.001306,0.498670,0.840537,-0.245986,-2.877558,0.132980,0.080926
0.000000,0.398942,0.004432,0.132981,0.080657,0.500000,0.001350,0.500000,0.841345,-1.422238,-4.970444,0.132981,0.080657
0.010000,0.398922,0.004567,0.132980,0.080388,0.503989,0.001395,0.501330,0.842150,-2.260457,-1.088993,0.132980,0.080388
0.020000,0.398862,0.004705,0.132978,0.080119,0.507978,0.001441,0.502660,0.842953,0.766348,-3.426658,0.132978,0.080119
0.030000,0.398763,0.004847,0.132974,0.079850,0.511966,0.001489,0.503989,0.843752,1.609729,-2.104405,0.132974,0.079850
0.040000,0.398623,0.004993,0.132969,0.079582,0.515953,0.001538,0.505319,0.844550,0.857249,-2.455148,0.132969,0.079582
0.050000,0.398444,0.005143,0.132962,0.079313,0.519939,0.001589,0.506649,0.845344,0.325950,-1.777450,0.132962,0.079313
0.060000,0.398225,0.005296,0.132954,0.079044,0.523922,0.001641,0.507978,0.846136,-0.037093,-2.934813,0.132954,0.079044
0.070000,0.397966,0.005454,0.132945,0.078775,0.527903,0.001695,0.509308,0.846925,-2.335778,-0.789533,0.132945,0.078775
0.080000,0.397668,0.005616,0.132933,0.078507,0.531881,0.001750,0.510637,0.847711,0.259785,-2.237835,0.132933,0.078507
0.090000,0.397330,0.005782,0.132921,0.078238,0.535856,0.001807,0.511966,0.848495,0.565587,-2.353398,0.132921,0.078238
0.100000,0.396953,0.005953,0.132907,0.077969,0.539828,0.001866,0.513296,0.849276,1.453099,-0.873243,0.132907,0.077969
0.110000,0.396536,0.006127,0.132891,0.077701,0.543795,0.001926,0.514625,0.850054,1.219958,-1.788467,0.132891,0.077701
0.120000,0.396080,0.006307,0.132874,0.077432,0.547758,0.001988,0.515953,0.850830,0.205628,-0.621696,0.132874,0.077432
0.130000,0.395585,0.006491,0.132856,0.077164,0.551717,0.002052,0.517282,0.851603,-0.835784,-2.036683,0.132856,0.077164
0.140000,0.395052,0.006679,0.132836,0.076896,0.555670,0.002118,0.518611,0.852373,-0.015103,-0.620132,0.132836,0.076896
0.150000,0.394479,0.006873,0.132815,0.076627,0.559618,0.002186,0.519939,0.853141,-0.556567,-3.875374,0.132815,0.076627
0.160000,0.393868,0.007071,0.132792,0.076359,0.563559,0.002256,0.521267,0.853906,0.653964,-2.599573,0.132792,0.076359
0.170000,0.393219,0.007274,0.132767,0.076091,0.567495,0.002327,0.522595,0.854668,0.549075,-2.152451,0.132767,0.076091
0.180000,0.392531,0.007483,0.132742,0.075823,0.571424,0.002401,0.523922,0.855428,-0.798646,-2.482704,0.132742,0.075823
0.190000,0.391806,0.007697,0.132714,0.075555,0.575345,0.002477,0.525249,0.856185,-0.511818,-3.548109,0.132714,0.075555
0.200000,0.391043,0.007915,0.132686,0.075288,0.579260,0.002555,0.526576,0.856939,-0.069907,-1.934363,0.132686,0.075288
0.210000,0.390242,0.008140,0.132655,0.075020,0.583166,0.002635,0.527903,0.857690,-0.907237,-0.593634,0.132655,0.075020
0.220000,0.389404,0.008370,0.132624,0.074752,0.587064,0.002718,0.529230,0.858439,1.312105,-0.731694,0.132624,0.074752
0.230000,0.388529,0.008605,0.132591,0.074485,0.590954,0.002803,0.530556,0.859185,0.284060,-2.052631,0.132591,0.074485
0.240000,0.387617,0.008846,0.132556,0.074218,0.594835,0.002890,0.531881,0.859929,-0.937480,-2.377067,0.132556,0.074218
0.250000,0.386668,0.009094,0.132520,0.073951,0.598706,0.002980,0.533207,0.860670,-0.412715,-3.154840,0.132520,0.073951
0.260000,0.385683,0.009347,0.132482,0.073684,0.602568,0.003072,0.534532,0.861408,-0.505377,-3.337473,0.132482,0.073684
0.270000,0.384663,0.009606,0.132443,0.073417,0.606420,0.003167,0.535856,0.862143,0.166668,-2.142734,0.132443,0.073417
0.280000,0.383606,0.009871,0.132403,0.073150,0.610261,0.003264,0.537181,0.862876,0.655577,-2.080762,0.132403,0.073150
0.290000,0.382515,0.010143,0.132361,0.072884,0.614092,0.003364,0.538504,0.863606,1.545720,-1.740369,0.132361,0.072884
0.300000,0.381388,0.010421,0.132318,0.072617,0.617911,0.003467,0.539828,0.864334,0.355199,-0.688639,0.132318,0.072617
0.310000,0.380226,0.010706,0.132273,0.072351,0.621720,0.003573,0.541151,0.865059,0.308542,-1.285807,0.132273,0.072351
0.320000,0.379031,0.010997,0.132226,0.072085,0.625516,0.003681,0.542473,0.865781,-0.550663,-1.220055,0.132226,0.072085
0.330000,0.377801,0.011295,0.132179,0.071819,0.629300,0.003793,0.543795,0.866500,-2.421035,-1.755803,0.132179,0.071819
0.340000,0.376537,0.011600,0.132129,0.071554,0.633072,0.003907,0.545117,0.867217,-0.476445,-1.925935,0.132129,0.071554
0.350000,0.375240,0.011912,0.132079,0.071288,0.636831,0.004025,0.546438,0.867932,1.948799,-0.870650,0.132079,0.071288
0.360000,0.373911,0.012232,0.132027,0.071023,0.640576,0.004145,0.547758,0.868643,1.604418,0.025093,0.132027,0.071023
0.370000,0.372548,0.012558,0.131973,0.070758,0.644309,0.004269,0.549078,0.869352,0.099332,-0.787165,0.131973,0.070758
0.380000,0.371154,0.012892,0.131918,0.070493,0.648027,0.004396,0.550398,0.870058,0.547464,-3.912168,0.131918,0.070493
0.390000,0.369728,0.013234,0.131862,0.070229,0.651732,0.004527,0.551717,0.870762,-0.202702,-2.634713,0.131862,0.070229
0.400000,0.368270,0.013583,0.131804,0.069964,0.655422,0.004661,0.553035,0.871463,0.194056,-3.322414,0.131804,0.069964
0.410000,0.366782,0.013940,0.131745,0.069700,0.659097,0.004799,0.554353,0.872161,-0.355621,-1.258685,0.131745,0.069700
0.420000,0.365263,0.014305,0.131684,0.069436,0.662757,0.004940,0.555670,0.872857,0.835585,-2.874778,0.131684,0.069436
0.430000,0.363714,0.014678,0.131622,0.069172,0.666402,0.005085,0.556987,0.873550,0.682071,-2.748269,0.131622,0.069172
0.440000,0.362135,0.015060,0.131558,0.068909,0.670031,0.005234,0.558302,0.874240,0.056080,-1.147824,0.131558,0.068909
0.450000,0.360527,0.015449,0.131493,0.068645,0.673645,0.005386,0.559618,0.874928,-0.187529,-0.054556,0.131493,0.068645
0.460000,0.358890,0.015848,0.131427,0.068382,0.677242,0.005543,0.560932,0.875613,-0.987109,-1.350831,0.131427,0.068382
0.470000,0.357225,0.016254,0.131359,0.068120,0.680822,0.005703,0.562246,0.876296,1.789263,-1.371718,0.131359,0.068120
0.480000,0.355533,0.016670,0.131289,0.067857,0.684386,0.005868,0.563559,0.876976,1.516806,-1.237064,0.131289,0.067857
0.490000,0.353812,0.017095,0.131219,0.067595,0.687933,0.006037,0.564872,0.877653,-1.172185,-2.179854,0.131219,0.067595
0.500000,0.352065,0.017528,0.131147,0.067333,0.691462,0.006210,0.566184,0.878327,-0.239396,-2.306688,0.131147,0.067333
0.510000,0.350292,0.017971,0.131073,0.067071,0.694974,0.006387,0.567495,0.879000,0.616571,-3.612312,0.131073,0.067071
0.520000,0.348493,0.018423,0.130998,0.066810,0.698468,0.006569,0.568805,0.879669,-0.245265,-2.299685,0.130998,0.066810
0.530000,0.346668,0.018885,0.130922,0.066549,0.701944,0.006756,0.570115,0.880336,-0.814958,-2.747617,0.130922,0.066549
0.540000,0.344818,0.019356,0.130844,0.066288,0.705401,0.006947,0.571424,0.881000,1.686608,-0.590621,0.130844,0.066288
0.550000,0.342944,0.019837,0.130765,0.066027,0.708840,0.007143,0.572732,0.881661,-0.502297,-1.552855,0.130765,0.066027
0.560000,0.341046,0.020328,0.130684,0.065767,0.712260,0.007344,0.574039,0.882320,1.047491,-1.031874,0.130684,0.065767
0.570000,0.339124,0.020829,0.130602,0.065507,0.715661,0.007549,0.575345,0.882977,-0.178182,-3.008860,0.130602,0.065507
0.580000,0.337180,0.021341,0.130519,0.065247,0.719043,0.007760,0.576651,0.883631,0.443647,0.350286,0.130519,0.065247
0.590000,0.335213,0.021862,0.130434,0.064988,0.722405,0.007976,0.577956,0.884282,0.145775,-1.167729,0.130434,0.064988
0.600000,0.333225,0.022395,0.130348,0.064729,0.725747,0.008198,0.579260,0.884930,-1.727280,-1.446969,0.130348,0.064729
0.610000,0.331215,0.022937,0.130260,0.064470,0.729069,0.008424,0.580563,0.885576,1.332286,-1.312140,0.130260,0.064470
0.620000,0.329184,0.023491,0.130171,0.064211,0.732371,0.008656,0.581865,0.886220,-0.904165,-2.146091,0.130171,0.064211
0.630000,0.327133,0.024056,0.130081,0.063953,0.735653,0.008894,0.583166,0.886861,0.643268,-2.850850,0.130081,0.063953
0.640000,0.325062,0.024631,0.129989,0.063696,0.738914,0.009137,0.584467,0.887499,0.441473,-2.829656,0.129989,0.063696
0.650000,0.322972,0.025218,0.129896,0.063438,0.742154,0.009387,0.585766,0.888134,-0.683851,-1.843002,0.129896,0.063438
0.660000,0.320864,0.025817,0.129801,0.063181,0.745373,0.009642,0.587064,0.888768,0.260009,-1.772999,0.129801,0.063181
0.670000,0.318737,0.026426,0.129705,0.062924,0.748571,0.009903,0.588362,0.889398,0.651622,-1.472937,0.129705,0.062924
0.680000,0.316593,0.027048,0.129608,0.062668,0.751748,0.010170,0.589659,0.890026,-0.300678,-1.320183,0.129608,0.062668
0.690000,0.314432,0.027682,0.129510,0.062412,0.754903,0.010444,0.590954,0.890651,1.465260,-1.343824,0.129510,0.062412
0.700000,0.312254,0.028327,0.129410,0.062156,0.758036,0.010724,0.592249,0.891274,1.277557,-1.271018,0.129410,0.062156
0.710000,0.310060,0.028985,0.129308,0.061901,0.761148,0.011011,0.593542,0.891895,-0.579111,-0.242628,0.129308,0.061901
0.720000,0.307851,0.029655,0.129206,0.061646,0.764238,0.011304,0.594835,0.892512,-0.867085,-2.465425,0.129206,0.061646
0.730000,0.305627,0.030337,0.129101,0.061391,0.767305,0.011604,0.596126,0.893127,1.171676,-3.216445,0.129101,0.061391
0.740000,0.303389,0.031032,0.128996,0.061137,0.770350,0.011911,0.597417,0.893740,-1.047193,-1.484608,0.128996,0.061137
0.750000,0.301137,0.031740,0.128889,0.060883,0.773373,0.012224,0.598706,0.894350,1.097495,-1.388928,0.128889,0.060883
0.760000,0.298872,0.032460,0.128781,0.060630,0.776373,0.012545,0.599995,0.894958,-1.414424,-2.260152,0.128781,0.060630
0.770000,0.296595,0.033194,0.128672,0.060376,0.779350,0.012874,0.601282,0.895563,-0.490785,-1.079207,0.128672,0.060376
0.780000,0.294305,0.033941,0.128561,0.060124,0.782305,0.013209,0.602568,0.896165,-0.305149,-2.048058,0.128561,0.060124
0.790000,0.292004,0.034701,0.128449,0.059871,0.785236,0.013553,0.603853,0.896765,0.466715,-1.021298,0.128449,0.059871
0.800000,0.289692,0.035475,0.128336,0.059619,0.788145,0.013903,0.605137,0.897363,-1.671245,-2.405978,0.128336,0.059619
0.810000,0.287369,0.036262,0.128221,0.059368,0.791030,0.014262,0.606420,0.897958,-0.330381,-3.249089,0.128221,0.059368
0.820000,0.285036,0.037063,0.128105,0.059117,0.793892,0.014629,0.607702,0.898550,-0.915353,-0.559903,0.128105,0.059117
0.830000,0.282694,0.037878,0.127987,0.058866,0.796731,0.015003,0.608982,0.899140,-1.655735,-3.217026,0.127987,0.058866
0.840000,0.280344,0.038707,0.127869,0.058616,0.799546,0.015386,0.610261,0.899727,0.893803,-1.659985,0.127869,0.058616
0.850000,0.277985,0.039550,0.127749,0.058366,0.802337,0.015778,0.611539,0.900312,0.375253,-2.740990,0.127749,0.058366
0.860000,0.275618,0.040408,0.127627,0.058116,0.805105,0.016177,0.612816,0.900895,-0.255890,-0.913145,0.127627,0.058116
0.870000,0.273244,0.041280,0.127505,0.057867,0.807850,0.016586,0.614092,0.901475,2.868872,-1.938232,0.127505,0.057867
0.880000,0.270864,0.042166,0.127381,0.057619,0.810570,0.017003,0.615366,0.902052,1.775831,-1.359418,0.127381,0.057619
0.890000,0.268477,0.043067,0.127256,0.057371,0.813267,0.017429,0.616639,0.902627,-0.900638,-1.902349,0.127256,0.057371
0.900000,0.266085,0.043984,0.127129,0.057123,0.815940,0.017864,0.617911,0.903200,0.245896,-3.284636,0.127129,0.057123
0.910000,0.263688,0.044915,0.127002,0.056876,0.818589,0.018309,0.619182,0.903770,-0.884697,-2.738314,0.127002,0.056876
0.920000,0.261286,0.045861,0.126872,0.056629,0.821214,0.018763,0.620451,0.904337,-0.183981,-2.450324,0.126872,0.056629
0.930000,0.258881,0.046823,0.126742,0.056382,0.823814,0.019226,0.621720,0.904902,0.104860,-4.159668,0.126742,0.056382
0.940000,0.256471,0.047800,0.126611,0.056136,0.826391,0.019699,0.622986,0.905465,0.503825,-0.715229,0.126611,0.056136
0.950000,0.254059,0.048792,0.126478,0.055891,0.828944,0.020182,0.624252,0.906025,-0.717228,-0.457513,0.126478,0.055891
0.960000,0.251644,0.049800,0.126344,0.055646,0.831472,0.020675,0.625516,0.906582,0.082518,-3.471232,0.126344,0.055646
0.970000,0.249228,0.050824,0.126208,0.055401,0.833977,0.021178,0.626779,0.907138,-1.043455,-1.315402,0.126208,0.055401
0.980000,0.246809,0.051864,0.126071,0.055157,0.836457,0.021692,0.628040,0.907691,-0.905996,-2.446394,0.126071,0.055157
0.990000,0.244390,0.052919,0.125934,0.054913,0.838913,0.022216,0.629300,0.908241,0.035594,-2.039410,0.125934,0.054913
1.000000,0.241971,0.053991,0.125794,0.054670,0.841345,0.022750,0.630559,0.908789,1.056416,-2.141560,0.125794,0.054670
1.010000,0.239551,0.055079,0.125654,0.054427,0.843752,0.023295,0.631816,0.909334,0.610784,-2.435675,0.125654,0.054427
1.020000,0.237132,0.056183,0.125512,0.054185,0.846136,0.023852,0.633072,0.909877,-0.055431,-2.423375,0.125512,0.054185
1.030000,0.234714,0.057304,0.125370,0.053943,0.848495,0.024419,0.634326,0.910418,1.350859,-2.187455,0.125370,0.053943
1.040000,0.232297,0.058441,0.125225,0.053702,0.850830,0.024998,0.635579,0.910956,0.979768,-1.076981,0.125225,0.053702
1.050000,0.229882,0.059595,0.125080,0.053461,0.853141,0.025588,0.636831,0.911492,0.200397,-3.148698,0.125080,0.053461
1.060000,0.227470,0.060765,0.124934,0.053221,0.855428,0.026190,0.638081,0.912025,-0.654952,-1.525152,0.124934,0.053221
1.070000,0.225060,0.061952,0.124786,0.052981,0.857690,0.026803,0.639329,0.912556,-0.520118,-1.552216,0.124786,0.052981
1.080000,0.222653,0.063157,0.124637,0.052742,0.859929,0.027429,0.640576,0.913085,0.378657,-1.607221,0.124637,0.052742
1.090000,0.220251,0.064378,0.124487,0.052503,0.862143,0.028067,0.641822,0.913611,3.514951,-2.907016,0.124487,0.052503
1.100000,0.217852,0.065616,0.124335,0.052264,0.864334,0.028717,0.643066,0.914135,0.403312,-2.577801,0.124335,0.052264
1.110000,0.215458,0.066871,0.124183,0.052027,0.866500,0.029379,0.644309,0.914657,-0.375158,-0.587544,0.124183,0.052027
1.120000,0.213069,0.068144,0.124029,0.051789,0.868643,0.030054,0.645550,0.915176,0.257550,-4.734181,0.124029,0.051789
1.130000,0.210686,0.069433,0.123874,0.051552,0.870762,0.030742,0.646789,0.915692,0.387180,-1.218202,0.123874,0.051552
1.140000,0.208308,0.070740,0.123718,0.051316,0.872857,0.031443,0.648027,0.916207,1.285905,-1.470826,0.123718,0.051316
1.150000,0.205936,0.072065,0.123561,0.051080,0.874928,0.032157,0.649264,0.916719,-0.904486,-0.292606,0.123561,0.051080
1.160000,0.203571,0.073407,0.123402,0.050845,0.876976,0.032884,0.650499,0.917228,0.358859,-1.985865,0.123402,0.050845
1.170000,0.201214,0.074766,0.123243,0.050610,0.879000,0.033625,0.651732,0.917736,-0.297356,-3.199944,0.123243,0.050610
1.180000,0.198863,0.076143,0.123082,0.050376,0.881000,0.034380,0.652963,0.918240,-0.122767,-3.223093,0.123082,0.050376
1.190000,0.196520,0.077538,0.122920,0.050142,0.882977,0.035148,0.654193,0.918743,0.754219,-3.473220,0.122920,0.050142
1.200000,0.194186,0.078950,0.122757,0.049909,0.884930,0.035930,0.655422,0.919243,2.440776,-2.924281,0.122757,0.049909
1.210000,0.191860,0.080380,0.122592,0.049677,0.886861,0.036727,0.656648,0.919741,0.478454,-2.588642,0.122592,0.049677
1.220000,0.189543,0.081828,0.122427,0.049444,0.888768,0.037538,0.657874,0.920237,0.541347,-1.572494,0.122427,0.049444
1.230000,0.187235,0.083293,0.122261,0.049213,0.890651,0.038364,0.659097,0.920730,-0.019339,-2.305067,0.122261,0.049213
1.240000,0.184937,0.084776,0.122093,0.048982,0.892512,0.039204,0.660319,0.921221,-0.631803,-0.628452,0.122093,0.048982
1.250000,0.182649,0.086277,0.121924,0.048751,0.894350,0.040059,0.661539,0.921710,-1.030533,-1.227309,0.121924,0.048751
1.260000,0.180371,0.087796,0.121754,0.048521,0.896165,0.040930,0.662757,0.922196,-0.669422,-2.614496,0.121754,0.048521
1.270000,0.178104,0.089333,0.121583,0.048292,0.897958,0.041815,0.663974,0.922680,-1.250851,-0.423133,0.121583,0.048292
1.280000,0.175847,0.090887,0.121411,0.048063,0.899727,0.042716,0.665189,0.923162,-1.624349,-0.647659,0.121411,0.048063
1.290000,0.173602,0.092459,0.121238,0.047835,0.901475,0.043633,0.666402,0.923641,0.587057,-0.688169,0.121238,0.047835
1.300000,0.171369,0.094049,0.121064,0.047607,0.903200,0.044565,0.667614,0.924119,0.052847,-1.818427,0.121064,0.047607
1.310000,0.169147,0.095657,0.120888,0.047380,0.904902,0.045514,0.668823,0.924594,-0.659441,-1.858582,0.120888,0.047380
1.320000,0.166937,0.097282,0.120712,0.047153,0.906582,0.046479,0.670031,0.925066,0.476893,-4.331089,0.120712,0.047153
1.330000,0.164740,0.098925,0.120534,0.046927,0.908241,0.047460,0.671238,0.925537,-0.763740,-3.033823,0.120534,0.046927
1.340000,0.162555,0.100586,0.120355,0.046702,0.909877,0.048457,0.672442,0.926005,0.672608,-2.347701,0.120355,0.046702
1.350000,0.160383,0.102265,0.120176,0.046477,0.911492,0.049471,0.673645,0.926471,2.019538,-3.630427,0.120176,0.046477
1.360000,0.158225,0.103961,0.119995,0.046253,0.913085,0.050503,0.674846,0.926934,0.050341,-2.568020,0.119995,0.046253
1.370000,0.156080,0.105675,0.119813,0.046029,0.914657,0.051551,0.676045,0.927396,0.593208,-2.375321,0.119813,0.046029
1.380000,0.153948,0.107406,0.119630,0.045806,0.916207,0.052616,0.677242,0.927855,-1.985976,-1.595873,0.119630,0.045806
1.390000,0.151831,0.109155,0.119446,0.045583,0.917736,0.053699,0.678437,0.928312,-0.700198,-2.184615,0.119446,0.045583
1.400000,0.149727,0.110921,0.119261,0.045361,0.919243,0.054799,0.679631,0.928767,-0.714674,-1.409691,0.119261,0.045361
1.410000,0.147639,0.112704,0.119075,0.045139,0.920730,0.055917,0.680822,0.929219,1.587153,-1.236331,0.119075,0.045139
1.420000,0.145564,0.114505,0.118888,0.044918,0.922196,0.057053,0.682012,0.929669,0.331003,-2.025838,0.118888,0.044918
1.430000,0.143505,0.116323,0.118700,0.044698,0.923641,0.058208,0.683200,0.930117,-2.238696,-1.336350,0.118700,0.044698
1.440000,0.141460,0.118157,0.118511,0.044478,0.925066,0.059380,0.684386,0.930563,-0.935069,-3.367851,0.118511,0.044478
1.450000,0.139431,0.120009,0.118321,0.044259,0.926471,0.060571,0.685570,0.931007,-0.579111,-2.010963,0.118321,0.044259
1.460000,0.137417,0.121878,0.118130,0.044041,0.927855,0.061780,0.686753,0.931449,0.683255,-2.749955,0.118130,0.044041
1.470000,0.135418,0.123763,0.117937,0.043823,0.929219,0.063008,0.687933,0.931888,-0.274871,-2.843697,0.117937,0.043823
1.480000,0.133435,0.125665,0.117744,0.043605,0.930563,0.064255,0.689111,0.932325,0.558850,-1.066911,0.117744,0.043605
1.490000,0.131468,0.127583,0.117550,0.043389,0.931888,0.065522,0.690288,0.932760,0.227187,0.871589,0.117550,0.043389
1.500000,0.129518,0.129518,0.117355,0.043173,0.933193,0.066807,0.691462,0.933193,-0.032506,-2.817769,0.117355,0.043173
1.510000,0.127583,0.131468,0.117159,0.042957,0.934478,0.068112,0.692635,0.933623,1.195903,-2.866460,0.117159,0.042957
1.520000,0.125665,0.133435,0.116962,0.042742,0.935745,0.069437,0.693806,0.934052,-0.315122,-2.367240,0.116962,0.042742
1.530000,0.123763,0.135418,0.116764,0.042528,0.936992,0.070781,0.694974,0.934478,0.928553,-3.568364,0.116764,0.042528
1.540000,0.121878,0.137417,0.116565,0.042314,0.938220,0.072145,0.696141,0.934902,-0.709563,-2.477108,0.116565,0.042314
1.550000,0.120009,0.139431,0.116365,0.042101,0.939429,0.073529,0.697306,0.935325,-1.603886,-2.739106,0.116365,0.042101
1.560000,0.118157,0.141460,0.116164,0.041888,0.940620,0.074934,0.698468,0.935745,-2.800452,-2.250724,0.116164,0.041888
1.570000,0.116323,0.143505,0.115962,0.041676,0.941792,0.076359,0.699629,0.936162,-0.420908,-3.400897,0.115962,0.041676
1.580000,0.114505,0.145564,0.115760,0.041465,0.942947,0.077804,0.700787,0.936578,0.757165,-0.663504,0.115760,0.041465
1.590000,0.112704,0.147639,0.115556,0.041254,0.944083,0.079270,0.701944,0.936992,0.986209,-1.666500,0.115556,0.041254
1.600000,0.110921,0.149727,0.115351,0.041044,0.945201,0.080757,0.703099,0.937403,0.756504,-3.115740,0.115351,0.041044
1.610000,0.109155,0.151831,0.115146,0.040835,0.946301,0.082264,0.704251,0.937813,-0.493802,-2.223836,0.115146,0.040835
1.620000,0.107406,0.153948,0.114939,0.040626,0.947384,0.083793,0.705401,0.938220,1.199636,-1.606767,0.114939,0.040626
1.630000,0.105675,0.156080,0.114732,0.040418,0.948449,0.085343,0.706550,0.938625,-0.744370,-3.193346,0.114732,0.040418
1.640000,0.103961,0.158225,0.114524,0.040210,0.949497,0.086915,0.707696,0.939028,-1.630366,-3.821645,0.114524,0.040210
1.650000,0.102265,0.160383,0.114315,0.040003,0.950529,0.088508,0.708840,0.939429,0.271766,-2.650636,0.114315,0.040003
1.660000,0.100586,0.162555,0.114105,0.039797,0.951543,0.090123,0.709982,0.939828,0.429872,-1.042577,0.114105,0.039797
1.670000,0.098925,0.164740,0.113894,0.039591,0.952540,0.091759,0.711122,0.940225,-0.217847,-2.842421,0.113894,0.039591
1.680000,0.097282,0.166937,0.113682,0.039386,0.953521,0.093418,0.712260,0.940620,-1.381952,-2.039882,0.113682,0.039386
1.690000,0.095657,0.169147,0.113469,0.039181,0.954486,0.095098,0.713396,0.941013,0.906642,-3.922755,0.113469,0.039181
1.700000,0.094049,0.171369,0.113256,0.038977,0.955435,0.096800,0.714530,0.941404,0.672010,-0.540929,0.113256,0.038977
1.710000,0.092459,0.173602,0.113041,0.038774,0.956367,0.098525,0.715661,0.941792,0.068462,-3.026377,0.113041,0.038774
1.720000,0.090887,0.175847,0.112826,0.038572,0.957284,0.100273,0.716790,0.942179,-1.047244,-1.461471,0.112826,0.038572
1.730000,0.089333,0.178104,0.112610,0.038370,0.958185,0.102042,0.717918,0.942564,-0.689287,-3.314417,0.112610,0.038370
1.740000,0.087796,0.180371,0.112393,0.038168,0.959070,0.103835,0.719043,0.942947,-0.250914,-0.692524,0.112393,0.038168
1.750000,0.086277,0.182649,0.112176,0.037968,0.959941,0.105650,0.720166,0.943327,0.197394,-3.111210,0.112176,0.037968
1.760000,0.084776,0.184937,0.111957,0.037767,0.960796,0.107488,0.721286,0.943706,0.829078,-1.091811,0.111957,0.037767
1.770000,0.083293,0.187235,0.111738,0.037568,0.961636,0.109349,0.722405,0.944083,1.668716,-1.507725,0.111738,0.037568
1.780000,0.081828,0.189543,0.111518,0.037369,0.962462,0.111232,0.723521,0.944457,-0.210308,-1.110645,0.111518,0.037369
1.790000,0.080380,0.191860,0.111297,0.037171,0.963273,0.113139,0.724635,0.944830,1.392165,-2.328762,0.111297,0.037171
1.800000,0.078950,0.194186,0.111075,0.036974,0.964070,0.115070,0.725747,0.945201,0.785273,-4.211369,0.111075,0.036974
1.810000,0.077538,0.196520,0.110852,0.036777,0.964852,0.117023,0.726857,0.945569,0.383182,-1.230150,0.110852,0.036777
1.820000,0.076143,0.198863,0.110629,0.036581,0.965620,0.119000,0.727964,0.945936,1.381215,-1.074604,0.110629,0.036581
1.830000,0.074766,0.201214,0.110405,0.036385,0.966375,0.121000,0.729069,0.946301,1.333523,-0.573683,0.110405,0.036385
1.840000,0.073407,0.203571,0.110180,0.036190,0.967116,0.123024,0.730172,0.946664,0.896003,-2.921141,0.110180,0.036190
1.850000,0.072065,0.205936,0.109954,0.035996,0.967843,0.125072,0.731273,0.947025,-1.251033,-1.873430,0.109954,0.035996
1.860000,0.070740,0.208308,0.109728,0.035802,0.968557,0.127143,0.732371,0.947384,0.309663,-2.329172,0.109728,0.035802
1.870000,0.069433,0.210686,0.109501,0.035609,0.969258,0.129238,0.733467,0.947741,1.122480,-1.922811,0.109501,0.035609
1.880000,0.068144,0.213069,0.109273,0.035417,0.969946,0.131357,0.734561,0.948096,0.989803,-1.142876,0.109273,0.035417
1.890000,0.066871,0.215458,0.109044,0.035225,0.970621,0.133500,0.735653,0.948449,-2.659366,-2.085939,0.109044,0.035225
1.900000,0.065616,0.217852,0.108815,0.035034,0.971283,0.135666,0.736742,0.948801,-0.879803,-1.856629,0.108815,0.035034
1.910000,0.064378,0.220251,0.108585,0.034843,0.971933,0.137857,0.737829,0.949150,-0.669265,-1.850075,0.108585,0.034843
1.920000,0.063157,0.222653,0.108354,0.034654,0.972571,0.140071,0.738914,0.949497,-1.116893,-2.400718,0.108354,0.034654
1.930000,0.061952,0.225060,0.108123,0.034465,0.973197,0.142310,0.739996,0.949843,-0.165393,-2.875757,0.108123,0.034465
1.940000,0.060765,0.227470,0.107890,0.034276,0.973810,0.144572,0.741076,0.950187,-1.163258,-1.996133,0.107890,0.034276
1.950000,0.059595,0.229882,0.107657,0.034088,0.974412,0.146859,0.742154,0.950529,-1.326078,-2.440495,0.107657,0.034088
1.960000,0.058441,0.232297,0.107424,0.033901,0.975002,0.149170,0.743229,0.950868,-0.112873,-2.588968,0.107424,0.033901
1.970000,0.057304,0.234714,0.107190,0.033715,0.975581,0.151505,0.744302,0.951207,0.542839,0.552187,0.107190,0.033715
1.980000,0.056183,0.237132,0.106955,0.033529,0.976148,0.153864,0.745373,0.951543,1.815348,-2.476477,0.106955,0.033529
1.990000,0.055079,0.239551,0.106719,0.033344,0.976705,0.156248,0.746441,0.951877,-0.451129,-2.138176,0.106719,0.033344
2.000000,0.053991,0.241971,0.106483,0.033159,0.977250,0.158655,0.747507,0.952210,-1.689627,-1.921805,0.106483,0.033159
2.010000,0.052919,0.244390,0.106246,0.032975,0.977784,0.161087,0.748571,0.952540,-1.939492,-1.468674,0.106246,0.032975
2.020000,0.051864,0.246809,0.106008,0.032792,0.978308,0.163543,0.749632,0.952869,-0.245783,-1.285538,0.106008,0.032792
2.030000,0.050824,0.249228,0.105770,0.032609,0.978822,0.166023,0.750691,0.953196,0.940782,-2.760165,0.105770,0.032609
2.040000,0.049800,0.251644,0.105531,0.032427,0.979325,0.168528,0.751748,0.953521,0.035580,-1.838589,0.105531,0.032427
2.050000,0.048792,0.254059,0.105291,0.032246,0.979818,0.171056,0.752802,0.953845,-0.117938,-3.012385,0.105291,0.032246
2.060000,0.047800,0.256471,0.105051,0.032066,0.980301,0.173609,0.753854,0.954166,-0.125231,-1.452038,0.105051,0.032066
2.070000,0.046823,0.258881,0.104811,0.031886,0.980774,0.176186,0.754903,0.954486,-0.781278,-2.759121,0.104811,0.031886
2.080000,0.045861,0.261286,0.104569,0.031706,0.981237,0.178786,0.755950,0.954804,-1.732145,-2.693379,0.104569,0.031706
2.090000,0.044915,0.263688,0.104327,0.031528,0.981691,0.181411,0.756994,0.955120,0.228265,-2.653813,0.104327,0.031528
2.100000,0.043984,0.266085,0.104085,0.031350,0.982136,0.184060,0.758036,0.955435,-0.609245,-0.929663,0.104085,0.031350
2.110000,0.043067,0.268477,0.103841,0.031172,0.982571,0.186733,0.759076,0.955747,-0.637605,-2.115762,0.103841,0.031172
2.120000,0.042166,0.270864,0.103598,0.030996,0.982997,0.189430,0.760113,0.956058,0.844901,-1.234017,0.103598,0.030996
2.130000,0.041280,0.273244,0.103353,0.030820,0.983414,0.192150,0.761148,0.956367,0.971183,-0.818777,0.103353,0.030820
2.140000,0.040408,0.275618,0.103109,0.030644,0.983823,0.194895,0.762180,0.956674,0.455516,-0.049762,0.103109,0.030644
2.150000,0.039550,0.277985,0.102863,0.030470,0.984222,0.197663,0.763210,0.956980,0.305457,-1.454441,0.102863,0.030470
2.160000,0.038707,0.280344,0.102617,0.030296,0.984614,0.200454,0.764238,0.957284,1.006027,-2.005005,0.102617,0.030296
2.170000,0.037878,0.282694,0.102371,0.030122,0.984997,0.203269,0.765262,0.957586,0.094252,-2.180762,0.102371,0.030122
2.180000,0.037063,0.285036,0.102123,0.029950,0.985371,0.206108,0.766285,0.957886,-0.540753,-2.745735,0.102123,0.029950
2.190000,0.036262,0.287369,0.101876,0.029778,0.985738,0.208970,0.767305,0.958185,-1.518737,-1.470091,0.101876,0.029778
2.200000,0.035475,0.289692,0.101628,0.029606,0.986097,0.211855,0.768322,0.958482,0.107554,-2.634381,0.101628,0.029606
2.210000,0.034701,0.292004,0.101379,0.029435,0.986447,0.214764,0.769337,0.958777,-0.763655,-2.876486,0.101379,0.029435
2.220000,0.033941,0.294305,0.101130,0.029265,0.986791,0.217695,0.770350,0.959070,0.477595,-1.806582,0.101130,0.029265
2.230000,0.033194,0.296595,0.100880,0.029096,0.987126,0.220650,0.771360,0.959362,-0.019360,-2.578564,0.100880,0.029096
2.240000,0.032460,0.298872,0.100630,0.028927,0.987455,0.223627,0.772368,0.959652,-0.523093,-1.399869,0.100630,0.028927
2.250000,0.031740,0.301137,0.100379,0.028759,0.987776,0.226627,0.773373,0.959941,0.760622,-2.143690,0.100379,0.028759
2.260000,0.031032,0.303389,0.100128,0.028592,0.988089,0.229650,0.774375,0.960228,-2.611427,-2.301923,0.100128,0.028592
2.270000,0.030337,0.305627,0.099876,0.028425,0.988396,0.232695,0.775375,0.960513,-0.171176,-1.209138,0.099876,0.028425
2.280000,0.029655,0.307851,0.099624,0.028259,0.988696,0.235762,0.776373,0.960796,0.150831,-2.853984,0.099624,0.028259
2.290000,0.028985,0.310060,0.099372,0.028093,0.988989,0.238852,0.777368,0.961078,-0.570525,-2.279092,0.099372,0.028093
2.300000,0.028327,0.312254,0.099118,0.027929,0.989276,0.241964,0.778360,0.961358,0.061420,-2.852060,0.099118,0.027929
2.310000,0.027682,0.314432,0.098865,0.027764,0.989556,0.245097,0.779350,0.961636,0.298705,-1.437171,0.098865,0.027764
2.320000,0.027048,0.316593,0.098611,0.027601,0.989830,0.248252,0.780337,0.961913,0.144548,-2.426857,0.098611,0.027601
2.330000,0.026426,0.318737,0.098357,0.027438,0.990097,0.251429,0.781322,0.962188,0.659695,-1.765418,0.098357,0.027438
2.340000,0.025817,0.320864,0.098102,0.027276,0.990358,0.254627,0.782305,0.962462,1.362031,-3.541496,0.098102,0.027276
2.350000,0.025218,0.322972,0.097846,0.027114,0.990613,0.257846,0.783284,0.962734,0.043960,-2.912126,0.097846,0.027114
2.360000,0.024631,0.325062,0.097591,0.026954,0.990863,0.261086,0.784261,0.963004,-0.336112,-2.120843,0.097591,0.026954
2.370000,0.024056,0.327133,0.097335,0.026793,0.991106,0.264347,0.785236,0.963273,0.527394,-2.311211,0.097335,0.026793
2.380000,0.023491,0.329184,0.097078,0.026634,0.991344,0.267629,0.786208,0.963540,-0.784654,-1.109072,0.097078,0.026634
2.390000,0.022937,0.331215,0.096821,0.026475,0.991576,0.270931,0.787178,0.963806,0.996397,-1.647414,0.096821,0.026475
2.400000,0.022395,0.333225,0.096564,0.026317,0.991802,0.274253,0.788145,0.964070,1.308728,0.084521,0.096564,0.026317
2.410000,0.021862,0.335213,0.096306,0.026159,0.992024,0.277595,0.789109,0.964332,-0.360927,-0.502489,0.096306,0.026159
2.420000,0.021341,0.337180,0.096048,0.026002,0.992240,0.280957,0.790071,0.964593,1.281134,-1.762559,0.096048,0.026002
2.430000,0.020829,0.339124,0.095790,0.025846,0.992451,0.284339,0.791030,0.964852,0.914673,-0.572335,0.095790,0.025846
2.440000,0.020328,0.341046,0.095531,0.025690,0.992656,0.287740,0.791987,0.965110,0.498575,-1.011017,0.095531,0.025690
2.450000,0.019837,0.342944,0.095272,0.025535,0.992857,0.291160,0.792941,0.965366,-0.294087,-3.099191,0.095272,0.025535
2.460000,0.019356,0.344818,0.095012,0.025381,0.993053,0.294599,0.793892,0.965620,-0.554816,-2.073100,0.095012,0.025381
2.470000,0.018885,0.346668,0.094752,0.025227,0.993244,0.298056,0.794841,0.965874,0.341775,-2.138460,0.094752,0.025227
2.480000,0.018423,0.348493,0.094492,0.025074,0.993431,0.301532,0.795787,0.966125,-1.559421,-0.897922,0.094492,0.025074
2.490000,0.017971,0.350292,0.094231,0.024922,0.993613,0.305026,0.796731,0.966375,0.103908,-0.960018,0.094231,0.024922
2.500000,0.017528,0.352065,0.093971,0.024770,0.993790,0.308538,0.797672,0.966623,0.333716,-0.624478,0.093971,0.024770
2.510000,0.017095,0.353812,0.093709,0.024619,0.993963,0.312067,0.798610,0.966870,1.626308,-0.968746,0.093709,0.024619
2.520000,0.016670,0.355533,0.093448,0.024469,0.994132,0.315614,0.799546,0.967116,0.784784,-0.887990,0.093448,0.024469
2.530000,0.016254,0.357225,0.093186,0.024319,0.994297,0.319178,0.800479,0.967360,0.621771,-1.180941,0.093186,0.024319
2.540000,0.015848,0.358890,0.092924,0.024170,0.994457,0.322758,0.801410,0.967602,0.363784,-2.225837,0.092924,0.024170
2.550000,0.015449,0.360527,0.092662,0.024022,0.994614,0.326355,0.802337,0.967843,-0.014431,-1.925319,0.092662,0.024022
2.560000,0.015060,0.362135,0.092399,0.023874,0.994766,0.329969,0.803263,0.968083,0.886632,-1.552721,0.092399,0.023874
2.570000,0.014678,0.363714,0.092136,0.023727,0.994915,0.333598,0.804185,0.968321,1.707684,-3.838501,0.092136,0.023727
2.580000,0.014305,0.365263,0.091873,0.023580,0.995060,0.337243,0.805105,0.968557,0.855959,-1.980495,0.091873,0.023580
2.590000,0.013940,0.366782,0.091609,0.023434,0.995201,0.340903,0.806023,0.968792,-1.378547,-1.927029,0.091609,0.023434
2.600000,0.013583,0.368270,0.091345,0.023289,0.995339,0.344578,0.806938,0.969026,-1.188882,-1.916052,0.091345,0.023289
2.610000,0.013234,0.369728,0.091081,0.023144,0.995473,0.348268,0.807850,0.969258,2.342584,-1.094593,0.091081,0.023144
2.620000,0.012892,0.371154,0.090817,0.023000,0.995604,0.351973,0.808759,0.969489,-0.272814,-3.873483,0.090817,0.023000
2.630000,0.012558,0.372548,0.090553,0.022857,0.995731,0.355691,0.809666,0.969718,0.177277,-2.398306,0.090553,0.022857
2.640000,0.012232,0.373911,0.090288,0.022715,0.995855,0.359424,0.810570,0.969946,-1.610421,-2.520862,0.090288,0.022715
2.650000,0.011912,0.375240,0.090023,0.022572,0.995975,0.363169,0.811472,0.970172,0.234304,-2.412228,0.090023,0.022572
2.660000,0.011600,0.376537,0.089758,0.022431,0.996093,0.366928,0.812371,0.970397,1.740887,-2.033752,0.089758,0.022431
2.670000,0.011295,0.377801,0.089492,0.022290,0.996207,0.370700,0.813267,0.970621,1.418145,-2.244382,0.089492,0.022290
2.680000,0.010997,0.379031,0.089227,0.022150,0.996319,0.374484,0.814161,0.970843,-1.131997,-2.469151,0.089227,0.022150
2.690000,0.010706,0.380226,0.088961,0.022011,0.996427,0.378280,0.815052,0.971064,-0.728402,-1.103804,0.088961,0.022011
2.700000,0.010421,0.381388,0.088695,0.021872,0.996533,0.382089,0.815940,0.971283,-0.559845,-0.478514,0.088695,0.021872
2.710000,0.010143,0.382515,0.088429,0.021734,0.996636,0.385908,0.816825,0.971501,1.024208,-1.326762,0.088429,0.021734
2.720000,0.009871,0.383606,0.088163,0.021596,0.996736,0.389739,0.817708,0.971718,0.521965,-1.087107,0.088163,0.021596
2.730000,0.009606,0.384663,0.087896,0.021459,0.996833,0.393580,0.818589,0.971933,-0.371242,-1.499573,0.087896,0.021459
2.740000,0.009347,0.385683,0.087629,0.021323,0.996928,0.397432,0.819466,0.972147,0.143629,-3.498716,0.087629,0.021323
2.750000,0.009094,0.386668,0.087362,0.021187,0.997020,0.401294,0.820341,0.972360,-1.035700,-1.514208,0.087362,0.021187
2.760000,0.008846,0.387617,0.087095,0.021052,0.997110,0.405165,0.821214,0.972571,-0.935053,-1.659513,0.087095,0.021052
2.770000,0.008605,0.388529,0.086828,0.020918,0.997197,0.409046,0.822083,0.972781,0.509658,-0.613917,0.086828,0.020918
2.780000,0.008370,0.389404,0.086561,0.020784,0.997282,0.412936,0.822950,0.972989,-1.510273,-1.328704,0.086561,0.020784
2.790000,0.008140,0.390242,0.086294,0.020651,0.997365,0.416834,0.823814,0.973197,-0.748020,-3.249130,0.086294,0.020651
2.800000,0.007915,0.391043,0.086026,0.020518,0.997445,0.420740,0.824676,0.973402,1.543621,-1.992375,0.086026,0.020518
2.810000,0.007697,0.391806,0.085758,0.020386,0.997523,0.424655,0.825535,0.973607,2.362393,-1.076741,0.085758,0.020386
2.820000,0.007483,0.392531,0.085490,0.020255,0.997599,0.428576,0.826391,0.973810,0.784022,-3.636548,0.085490,0.020255
2.830000,0.007274,0.393219,0.085223,0.020124,0.997673,0.432505,0.827245,0.974012,0.445737,-2.480405,0.085223,0.020124
2.840000,0.007071,0.393868,0.084954,0.019994,0.997744,0.436441,0.828096,0.974213,0.204754,-2.405521,0.084954,0.019994
2.850000,0.006873,0.394479,0.084686,0.019865,0.997814,0.440382,0.828944,0.974412,1.193507,-1.772953,0.084686,0.019865
2.860000,0.006679,0.395052,0.084418,0.019736,0.997882,0.444330,0.829789,0.974610,-1.448603,-3.371124,0.084418,0.019736
2.870000,0.006491,0.395585,0.084150,0.019608,0.997948,0.448283,0.830632,0.974807,0.464404,-1.547800,0.084150,0.019608
2.880000,0.006307,0.396080,0.083881,0.019480,0.998012,0.452242,0.831472,0.975002,-0.807079,-0.869341,0.083881,0.019480
2.890000,0.006127,0.396536,0.083613,0.019353,0.998074,0.456205,0.832310,0.975196,-0.947132,-2.282433,0.083613,0.019353
2.900000,0.005953,0.396953,0.083344,0.019227,0.998134,0.460172,0.833145,0.975389,-2.064661,-2.367974,0.083344,0.019227
2.910000,0.005782,0.397330,0.083076,0.019101,0.998193,0.464144,0.833977,0.975581,-1.298102,-1.282295,0.083076,0.019101
2.920000,0.005616,0.397668,0.082807,0.018976,0.998250,0.468119,0.834806,0.975771,0.414424,-1.933433,0.082807,0.018976
2.930000,0.005454,0.397966,0.082539,0.018852,0.998305,0.472097,0.835633,0.975960,0.202551,-3.591798,0.082539,0.018852
2.940000,0.005296,0.398225,0.082270,0.018728,0.998359,0.476078,0.836457,0.976148,0.062174,-1.547617,0.082270,0.018728
2.950000,0.005143,0.398444,0.082001,0.018604,0.998411,0.480061,0.837278,0.976335,-1.028897,-0.250893,0.082001,0.018604
2.960000,0.004993,0.398623,0.081732,0.018482,0.998462,0.484047,0.838097,0.976520,-0.175385,-1.768371,0.081732,0.018482
2.970000,0.004847,0.398763,0.081463,0.018360,0.998511,0.488034,0.838913,0.976705,0.039183,-2.908479,0.081463,0.018360
2.980000,0.004705,0.398862,0.081195,0.018238,0.998559,0.492022,0.839726,0.976888,1.227800,-2.453744,0.081195,0.018238
2.990000,0.004567,0.398922,0.080926,0.018117,0.998605,0.496011,0.840537,0.977069,1.132246,-2.077403,0.080926,0.018117
